{"current":{"favicon":"shopify:\/\/shop_images\/fav-icon.png","preloader_enable":true,"box_layout":false,"enable_scroll_to_top":true,"enable_rtl":false,"container_width":1655,"tab_container_width":960,"fullwidth_gap":5,"gutter_width":30,"overall_border_radius":20,"enable_vertical_menu":false,"enable_fullheight_menu":false,"header_font":"twentieth_century_n5","h1_size":60,"h2_size":56,"h3_size":46,"h4_size":38,"h5_size":30,"h6_size":20,"base_font":"twentieth_century_n4","type_base_size":16,"heading_line_height":1.2,"body_line_height":1.5,"additional_font":"twentieth_century_n4","type_additional_size":20,"custom_font_script_1":"@import url('https:\/\/fonts.googleapis.com\/css2?family=Quicksand:wght@300;400;500;600;700&display=swap');","custom_font_family_1":"'Quicksand', sans-serif;","custom_font_script_2":"@import url('https:\/\/fonts.googleapis.com\/css2?family=Quicksand:wght@300;400;500;600;700&display=swap');","custom_font_family_2":"'Quicksand', sans-serif;","custom_font_script_3":"","custom_font_family_3":"","primary_color":"#161f65","secondary_color":"#cf4666","tertiary_color":"#f3d4ca","body_bg_color":"#ffffff","body_text_color":"#000000","overlay_color":"#fdf1ed","link_color":"#161f65","link_hover_color":"#cf4666","border_color":"#dbd7cc","info_color":"#f97191","product_bg_color":"rgba(0,0,0,0)","product_text_color":"#1a1a1a","product_title_color":"#161f65","product_title_hover_color":"#cf4666","vendor_color":"#f97191","sale_color":"#447c26","new_color":"#579e0c","discount_color":"#f99100","soldout_color":"#a60811","button_bg_color":"#d0c07a","button_text_color":"#161f65","button_bg_hover_color":"#161f65","button_text_hover_color":"#d0c07a","button_border_width":0,"button_border_radius":36,"button_padding":"12px 50px 12px 50px","button_text_transform":"capitalize","gradient":"linear-gradient(310deg, rgba(17, 189, 251, 1) 15%, rgba(33, 249, 150, 1) 85%)","gradient_hover":"linear-gradient(228deg, rgba(21, 209, 252, 1) 14%, rgba(187, 48, 254, 1) 83%)","blog_bg_color":"rgba(0,0,0,0)","blog_link_color":"#cf4666","blog_link_hover_color":"#161f65","blog_text_color":"#161f65","blog_icon_color":"#cf4666","blog_button_bg_color":"#d0c07a","blog_button_text_color":"#cf4666","blog_button_bg_hover_color":"#f97191","blog_button_text_hover_color":"#ffffff","blog_link_color_overlay":"#161f65","blog_link_hover_color_overlay":"#f97191","blog_text_color_overlay":"#161f65","blog_icon_color_overlay":"#f97191","blog_button_bg_color_overlay":"#d0c07a","blog_button_text_color_overlay":"#161f65","blog_button_bg_hover_color_overlay":"#f97191","blog_button_text_hover_color_overlay":"#161f65","blog_border_radius":20,"blog_gutter_width":30,"form_bg":"#f3d4ca","input_bg":"#f3f3f3","input_padding":"14px 20px 14px 20px","title_image_enable":false,"title_image_position":"place_on_bottom","use_breadcrumb":true,"use_parallax":true,"color_image_overlay":"#f3d4ca","breadcrumb_text_color":"#161f65","breadcrumb_text_hover_color":"#cf4666","breadcrumb_style":"start","image_overlay_opacity":85,"breadcrumb_padding_top":50,"breadcrumb_padding_bottom":50,"breadcrumb_margin_bottom":80,"enable_quick_view":true,"meta-lable-style":"one-half","show_product_swatches":true,"show_quick_shop_product_link":true,"show_quick_shop_desc":true,"use_aspect_ratio":"on","thumb_aspect_ratio":"1\/1.2","collections_show_sale_circle":true,"collections_show_sold_out_circle":true,"secondary_image_use":true,"gallery_thumb_carosule":false,"offer_price_enable":true,"collections_show_new_circle":true,"display_vendor":false,"truncated_description":false,"excerpt_count":"20","enable_add_cart":true,"enable_choosen_variant":false,"product_detail_padding":"20px 0","item_aignment":"content-center","product_hover_effect":"top_bottom","product_button_style":"button","icon_alignment":"icon-center","enable_compare":true,"enable_wishlist":true,"display_color_variant":true,"show_mixed_swatch":false,"display_item_size":false,"product_review":true,"product_gap":30,"enable_timer":true,"timer_heading":"Deal Timee","timer_button_bg":"#e9e9e9","timer_text_color":"#7d583b","sidebar_width":330,"product_page_sidebar":"full-width","product_sidebar_mobile":false,"collection_sidebar_use":"left-sidebar","collection_sidebar_mobile":false,"blog_page_sidebar":"left-sidebar","blog_sidebar_mobile":false,"cart_notes_enable":true,"cart_pop_notes":true,"cart_pop_shipp_info":true,"ajax_cart_method":"drawer","search_grid":"3","search_results_per_page":"8","social_twitter_link":"","social_facebook_link":"#","social_pinterest_link":"#","social_google_plus_link":"","social_instagram_link":"#","social_tumblr_link":"","social_youtube_link":"","social_vimeo_link":"","social_rss_link":"","social_linkedin_link":"","social_sharing_count":true,"share_facebook":true,"share_twitter":true,"share_pinterest":true,"share_google":true,"enable_free_shipping":true,"cart_goal_range":"USD[10], INR[761], GBP[7], CAD[12]","text":"Just","text1":"away from Free Shipping","enable_recently_viewed":true,"enable_fake_visitors":true,"min_count":10,"max_count":100,"fake_heading":"People are viewing this right now","enable_fake_sales":true,"minqty":1,"maxqty":7,"shipping_calculator":"Enabled","password_bg_color":"#ffffff","password_bg_img":"shopify:\/\/shop_images\/modern-jewelry-and-accessories-on-display.jpg","password_logo":"shopify:\/\/shop_images\/cute3logo.png","logo_txt_color":"#000000","pwd_header_color":"#000000","pwd_show_share_buttons":false,"pwd_newsletter_enable":true,"pwd_newsletter_form_heading_clr":"#000000","pwd_newsletter_inpt_bg":"#ffffff","pwd_newsletter_btn_bg":"#000000","pwd_newsletter_btn_hoverbg":"#f3d4ca","pwd_newsletter_btn_hovertxt":"#161f65","pwd_placeholder_txt":"#000000","social_title_clr":"#000000","social_icon_clr":"#000000","social__icon_hoverclr":"#000000","checkout_logo_image":"shopify:\/\/shop_images\/logo.png","checkout_logo_position":"center","checkout_logo_size":"medium","checkout_body_background_color":"#faf8ec","checkout_sidebar_background_color":"#faf8ec","checkout_accent_color":"#f97191","checkout_button_color":"#161f65","enable_pick_menu":true,"cart_button_style":"default","enable_this":true,"sidebar_title_bg":"rgba(0,0,0,0)","sidebar_title_border":"#ba8d69","show_wislist":true,"timer":"903710998572@10\/24\/2022_00:00:00","gradient_button_bg_color":"linear-gradient(270deg, rgba(49, 202, 209, 1) 66%, rgba(249, 208, 163, 1) 100%)","sidebar_style":"grid","animae_enable":true,"favicon_enable":true,"enable_collection_sidebar":true,"enable_boxed":true,"breadcrumb_bg_image":true,"boxed_bg_color":"#ce5252","count_down_enable":true,"count_down_collections":true,"home_productdeal_time":"24 May","enable_color_swatch":true,"show_prt_quickview_desc":false,"show_smart_checkout":true,"social_sharing_style":"normal","sections":{"header":{"type":"header","blocks":{"cb4c006c-65db-4014-a5b1-88428f856043":{"type":"tab","settings":{"enable_custom_width":false,"custom_megamenu_width":75,"mega_1":"Baby Clothing","row_reverse":false,"tab-menu":"vertical","tab1_heading":"Two Column With image","tab1":"","tab1_columns":"double-quarter-one-half","row_reverse_tab1":false,"tab2_heading":"Three Column With image","tab2":"","tab2_columns":"four-column","row_reverse_tab2":false,"tab3_heading":"Two Column Reverse","tab3":"","tab3_columns":"double-quarter-one-half","row_reverse_tab3":true,"tab4_heading":"Three Column Reverse","tab4":"","tab4_columns":"four-column","row_reverse_tab4":true,"tab5_heading":"Five Column","tab5":"","tab5_columns":"five-column","row_reverse_tab5":false}},"57e64a97-4526-462d-a088-892d198fb4ae":{"type":"product","settings":{"enable_custom_width":false,"custom_megamenu_width":75,"mega_1":"catalog","mega_columns":"five-column","row_reverse":false,"product1":"1-template-default","product2":"","product3":"","product4":""}},"564c9f11-5d4d-4a8b-b7ca-ef0414753f9c":{"type":"promo_banner","settings":{"enable_custom_width":false,"custom_megamenu_width":50,"mega_1":"Baby Clothing","mega_columns":"five-column","row_reverse":false,"image_1":"shopify:\/\/shop_images\/cutiez2.gif","title_1":"","button_1":"","link_1":"\/#","title_2":"","button_2":"","link_2":"","promo_banner_bg":"rgba(0,0,0,0)","promo_banner_heading_color":"#ffffff","promo_banner_button_bg":"#ffffff","promo_banner_button_color":"#7d583b","promo_banner_button_hover_bg":"#ba8d69","promo_banner_button_hover_color":"#ffffff"}},"9a293b0b-5169-4de3-b9e6-78bcfd01de73":{"type":"promo_image","settings":{"enable_custom_width":true,"custom_megamenu_width":75,"mega_1":"SkinCare And Health","mega_columns":"four-column","row_reverse":false,"image_1":"shopify:\/\/shop_images\/cutiez.gif","title_1":"","button_1":"","link_1":"shopify:\/\/collections","title_2":"heading2","button_2":"click","link_2":"\/#","title_3":"","button_3":"","link_3":"","title_4":"","button_4":"","link_4":"","promo_img_bg":"","promo_heading_color":"#ffffff","promo_img_button_bg":"#7d583b","promo_img_button_color":"#ffffff","promo_img_button_hover_bg":"#ba8d69","promo_img_button_hover_color":"#ffffff"}},"548df7eb-f7fc-4b71-a9aa-7abac18a1a16":{"type":"collection","settings":{"enable_custom_width":false,"custom_megamenu_width":75,"mega_1":"","mega_columns":"three-column","row_reverse":false,"collection":"best-sellers","limit":4,"slides_per_view":1}},"80f4e5a7-1dd9-42c2-8c7c-1558f35bd1c2":{"type":"brands","settings":{"enable_custom_width":true,"custom_megamenu_width":70,"mega_1":"Demos","mega_columns":"four-column","row_reverse":false,"title_1":"Demo I","link_1":"","title_2":"Demo II","link_2":"","title_3":"Demo III","link_3":"","title_4":"Demo IV","link_4":"","title_5":"Demo V","link_5":"","title_6":"Demo VI","link_6":"","title_7":"Demo VII","link_7":"","title_8":"Demo VIII","link_8":"","title_9":"","link_9":"","title_10":"","link_10":""}},"de411aa2-f06b-466e-a72a-fe84254ccd4f":{"type":"promo_image","settings":{"enable_custom_width":false,"custom_megamenu_width":75,"mega_1":"Feeding And Nursing","mega_columns":"four-column","row_reverse":false,"image_1":"shopify:\/\/shop_images\/cutiez1.gif","title_1":"","button_1":"","link_1":"","title_2":"","button_2":"","link_2":"","title_3":"","button_3":"","link_3":"","title_4":"","button_4":"","link_4":"","promo_img_bg":"","promo_heading_color":"","promo_img_button_bg":"","promo_img_button_color":"","promo_img_button_hover_bg":"","promo_img_button_hover_color":""}},"a0449e26-d7e7-427d-8ff7-f0002a6f4afd":{"type":"promo_image","settings":{"enable_custom_width":false,"custom_megamenu_width":75,"mega_1":"Baby Gear","mega_columns":"four-column","row_reverse":false,"image_1":"shopify:\/\/shop_images\/cutiez3_edf94413-9daf-4ffd-9b3b-78f6a2384dba.gif","title_1":"","button_1":"","link_1":"","title_2":"","button_2":"","link_2":"","title_3":"","button_3":"","link_3":"","title_4":"","button_4":"","link_4":"","promo_img_bg":"","promo_heading_color":"","promo_img_button_bg":"","promo_img_button_color":"","promo_img_button_hover_bg":"","promo_img_button_hover_color":""}},"8c8e7aba-e021-4dff-83c0-d9958675f936":{"type":"promo_image","settings":{"enable_custom_width":false,"custom_megamenu_width":75,"mega_1":"Toys","mega_columns":"four-column","row_reverse":false,"image_1":"shopify:\/\/shop_images\/cutiez4_895b6462-84e7-4376-888d-28a1bbbf99f3.gif","title_1":"","button_1":"","link_1":"","title_2":"","button_2":"","link_2":"","title_3":"","button_3":"","link_3":"","title_4":"","button_4":"","link_4":"","promo_img_bg":"","promo_heading_color":"","promo_img_button_bg":"","promo_img_button_color":"","promo_img_button_hover_bg":"","promo_img_button_hover_color":""}},"f4afa171-b1f3-47fc-86fd-4af45fbef9dc":{"type":"product","settings":{"enable_custom_width":false,"custom_megamenu_width":75,"mega_1":"Accessories","mega_columns":"four-column","row_reverse":false,"product1":"baby-squeak-duck-toy","product2":"deconstruct-smoothing-baby-cream","product3":"baby-soft-disposable-diapers","product4":"baby-stroller-and-pram-with-extended-mosquito-net"}}},"block_order":["cb4c006c-65db-4014-a5b1-88428f856043","57e64a97-4526-462d-a088-892d198fb4ae","564c9f11-5d4d-4a8b-b7ca-ef0414753f9c","9a293b0b-5169-4de3-b9e6-78bcfd01de73","548df7eb-f7fc-4b71-a9aa-7abac18a1a16","80f4e5a7-1dd9-42c2-8c7c-1558f35bd1c2","de411aa2-f06b-466e-a72a-fe84254ccd4f","a0449e26-d7e7-427d-8ff7-f0002a6f4afd","8c8e7aba-e021-4dff-83c0-d9958675f936","f4afa171-b1f3-47fc-86fd-4af45fbef9dc"],"settings":{"full":false,"spacing_both_ends":false,"use_sticky_header":false,"use_sticky_mobile":false,"transparent_header":false,"show_announcement":true,"hide_announcement_mobile":true,"home_page_only":true,"bg_color":"#f3d4ca","text_color":"#c1a6a6","text_hover_color":"#161f65","text":"<p>USE CODE:MI45SD TO GET 10% OFF ON YOUR ORDER. *Min. cart value <\/p>","announcement_height":40,"topbar_bg":"#f3d4ca","disable_topbar":true,"disable_topbar_mobile":true,"header_mail":"sample@example.com","header_phone":"9876543210","header_contact":"#ffffff","header_contact_hover":"#f3eeeb","logo":"shopify:\/\/shop_images\/cute3logo.png","logo_max_width":175,"menu_align":"menu_bottom","show_mobile_as_default":false,"mobile_screen_width":"1200","show_header_social":false,"search_type":"search-box","enable_predictive_search":true,"search_tags":"featured, trendy, sale, new","search_collection":"best-sellers","social_icon_color":"#161f65","social_icon_hover_color":"#cf4666","social_icon_bg":"#ffffff","social_icon_hover_bg":"#161f65","enable_togle_menu":false,"togle_menu":"main-menu","toggle_menu_font_size":40,"toggle_menu_bg":"#f5f3e9","toggle_menu_color":"#161f65","toggle_menu_active_color":"#cf4666","show_account":true,"show_header_cart":true,"show_header_wishlist":true,"show_header_compare":false,"show_header_currency":false,"icon_color":"#cf4666","icon_hover_color":"#161f65","icon_bg":"rgba(0,0,0,0)","icon_hover_bg":"rgba(0,0,0,0)","dropdown_style":"default_dropdown","custom_nav_width":900,"custom_nav_width_lap":800,"custom_nav_width_tab":650,"pick_menu":"main-menu","show_secondary_menu":false,"secondary_menu":"","header_bg":"#ffffff","menu_color":"#161f65","menu_active_color":"#cf4666","menu_active_bg":"rgba(0,0,0,0)","mega_menu_bg":"#faf6e4","submenu_color":"#161f65","submenu_hover_color":"#cf4666","menu_bottom_bg":"#ffffff","menu_bottom_border":"#f3d4ca","enable_menu_indicator":true,"font_size":16,"font_size_sub":15,"megamenu_style":"default","enable_sale":true,"sale_txt":"Sale","sale_tags":"shop, Shop 2 column,\nContact 1,\nWishlist,\nProduct with Accordion","enable_new":true,"new_txt":"New","new_tags":"Pages, Shop 4 column, Video Thumbnail,\nFake Sales,\nReview Form,\nAbout,\nFaq layout 1","enable_hot":true,"hot_txt":"Hot","hot_tags":"Products,\nShop 6 column,\nBlog,\nProduct with Tabs Bottom,\nFaq layout 2"}},"modal-newsletter":{"type":"modal-newsletter","settings":{"enable_newsletter_modal":true,"logo":"shopify:\/\/shop_images\/cute3logo.png","modal_popup_width":"700px","dt_sc_cookie-expires":1,"dt_sc_cookie-modal-delay":"1000","overlay_background_color":"#f3d4ca","overlay_background_transparency":"1","block_text_align":"text-start","dt_sc_modal_bg_image":"shopify:\/\/shop_images\/featured2.jpg","enable_overlay":true,"background_color":"rgba(0,0,0,0)","overlay_transparency":"0.75","form_style":"style-5","form_gap":"15px","dt_sc_cookie_sub_title":"","dt_sc_cookie-modal-title":"GET <span>10%<\/span> OFF","dt_sc_cookie-modal-content":"","dt_sc_newsletter_additional_content":"","enable_social_icon":true,"section_title_color":"#161f65","section_sub_title_color":"#cf4666","form_bg":"#ffffff","button_bg_color":"#161f65","button_text_color":"#ffffff","button_hover_bg_color":"#cf4666","button_hover_text_color":"#ffffff","additional_text_color":"","social_icon_color":"#161f65","social_icon_hover_color":"#cf4666"}},"product-recommendations":{"type":"product-recommendations","settings":{"heading":"Recommended products","heading_position":"text-center"}},"footer":{"type":"footer","blocks":{"29fbbdda-d6fb-44b2-95e4-d08e0288cc65":{"type":"newsletter","settings":{"title":"Subscribe To Our Newsletter","richtext":"<p>Excepteur sint occaecat cupidatat non proident, sunt in culpa qui officia.<\/p>","newsletter_btn_color":"#ffffff","newsletter_btn_bg":"#161f65","newsletter_btn_hover_color":"#ffffff","newsletter_btn_hover_bg":"#cf4666","input_bg_color":"#e0d6ac","input_focus_color":"#f4efcf","container_width":51,"column_alignment":"text-center"}},"bf7b7e92-64d9-4d8e-a8ae-4d12142a791d":{"type":"split","disabled":true,"settings":{}},"40cc8690-9f76-4648-82d9-1632b26486a0":{"type":"logo","settings":{"title":"","text":"","link_text":"Know more","url":"","footer_btn_color":"#ffffff","footer_btn_bg":"#161f65","footer_btn_hover_color":"#161f65","footer_btn_hover_bg":"#cf4666","logo":"shopify:\/\/shop_images\/logo-footer-new.jpg","footer_logo_height":200,"container_width":100,"column_alignment":"text-center"}},"6447649e-c9a3-40f9-8d41-906f4078ae10":{"type":"custom","settings":{"title":"","text":"<p>Turpis tincidunt id aliquet risus feugiat in ante metus. Lacinia at quis risus sed. In pellentesque massa placerat duis ultricies lacus sed turpis. Amet nulla facilisi morbi tempus iaculis. Malesuada nunc vel risus commodo viverra maecenas. Nunc scelerisque viverra mauris in aliquam sem fringilla ut morbi. Eu non diam phasellus vestibulum lorem sed risus ultricies. Semper quis lectus nulla at volutpat diam ut. <\/p>","container_width":25,"column_alignment":"text-start"}},"28a557d9-cccb-40c8-a425-5693a91b930e":{"type":"menu","settings":{"title":"KNOW US","menu":"footer","container_width":16,"column_alignment":"text-start","footer_menu_style":"vertical"}},"a499e561-85af-47aa-adf8-389df5089909":{"type":"menu","settings":{"title":"OUR STORE","menu":"footer-2","container_width":16,"column_alignment":"text-start","footer_menu_style":"vertical"}},"d51cd23d-6eb4-4088-9825-e4f18e02f5ee":{"type":"menu","settings":{"title":"SERVICES","menu":"footer-3","container_width":16,"column_alignment":"text-start","footer_menu_style":"vertical"}},"997f22c4-b315-46b4-8a4b-1d4adac2481a":{"type":"menu","settings":{"title":"USEFUL LINK","menu":"footer-4","container_width":16,"column_alignment":"text-start","footer_menu_style":"vertical"}}},"block_order":["29fbbdda-d6fb-44b2-95e4-d08e0288cc65","bf7b7e92-64d9-4d8e-a8ae-4d12142a791d","40cc8690-9f76-4648-82d9-1632b26486a0","6447649e-c9a3-40f9-8d41-906f4078ae10","28a557d9-cccb-40c8-a425-5693a91b930e","a499e561-85af-47aa-adf8-389df5089909","d51cd23d-6eb4-4088-9825-e4f18e02f5ee","997f22c4-b315-46b4-8a4b-1d4adac2481a"],"settings":{"full":false,"spacing_both_ends":false,"padding":"80,40","top_space":80,"footer_bg_clr":"#ffffff","color_opacity":0.9,"footer_bg_img":false,"segmented_bg_clr":"#ffffff","show_footer_title":true,"footer_heading_clr":"#161f65","footer_txt_clr":"#000000","footer_link_clr":"#000000","footer_link_hover_clr":"#cf4666","footer__bottom_bg":"#ffffff","footer_color":"#161f65","footer_link_hover":"#cf4666","color_borders":"#dbdbdb","show_payment_icons":true,"show_copyright":true,"show_social":true,"social_placement":"footer_bottom","social_icon_title":"","social_style":"with_brand_name","newsletter_placement":"footer_newsletter_top","payment_placement":"default","enable_inline_footer_menu":false,"footer":"footer","copyright_text":"Design Themes","copyright_link":"\/#","copyright_link_color":"#cf4666","copyright_link_color_hover":"#161f65"}},"gdpr-cookies":{"type":"gdpr-cookies","settings":{"show_gdpr":true,"style":"bottom","enable_box_shadow":true,"text":"Lorem ipsum dolor sit amet, consectetur adipiscing elit. Sed sed ex vulputate, sagittis ipsum sed, iaculis magna.","accept":"Accept","decline":"Decline","bg_color":"#f3d4ca","text_color":"#161f65","button_bg_color":"#161f65","button_text_color":"#ffffff","button_text_hover_color":"#ffffff","button_bg_hover_color":"#cf4666","button_padding":"2px 15px"}},"related-products":{"type":"related-products","settings":{"show_related_products":true,"title":"Related products","heading_position":"text-center","grid":"5","rows":"1","enable_slider":true,"enable_auto_height":true,"autoplay":true,"pagination":false,"carousel_pagination_alignment":"center_pagination","carousel_pagination_bottom_alignment":"inside_element","navigation":true,"nav_arrow_position":"navigation-bottom-center","center_nav_arrow_alignment":"inside_container","navigation_button_color":"#ba8d69","navigation_button_icon_color":"#ffffff","navigation_button_hover_color":"#7d583b","navigation_button_hover_icon_color":"#ffffff","navigation_dot_color":"#ba8d69","navigation_dot_active_color":"#7d583b","column_gap":"30"}},"customer-purchased":{"type":"customer-purchased","blocks":{"a99cf698-9b20-4fae-b092-53ec06ddc104":{"type":"image","settings":{"product":"baby-stroller-and-pram-with-extended-mosquito-net","from":"Texas, US","time":"10 minutes ago"}},"9d66bd40-a2ec-4683-a573-704c38a7a0e9":{"type":"image","settings":{"product":"baby-squeak-duck-toy","from":"Newyork, US","time":"45 minutes ago"}},"230b0ecb-020f-4c39-bf47-52b587056412":{"type":"image","settings":{"product":"sunscreen-moisturising-12","from":"Chennai, India","time":"19 minutes ago"}}},"block_order":["a99cf698-9b20-4fae-b092-53ec06ddc104","9d66bd40-a2ec-4683-a573-704c38a7a0e9","230b0ecb-020f-4c39-bf47-52b587056412"],"settings":{"display_recent_purchase":true,"placement":"left","text":"Someone recently bought"}},"contact":{"type":"contact","settings":{"full":false,"spacing_both_ends":false,"padding":"10,10","margin":"0,0","section_heading":"Contact us","section_sub_heading":"Sub Heading","section_description":"Use this text to share the information which you like!.","section_button_text":"","section_heading_color":"","section_sub_heading_color":"","section_description_color":"","section_button_bg_color":"","section_button_text_color":"","section_button_hover_bg_color":"","section_button_hover_text_color":"","heading_position":"text-center","contact_layout":"left_iconblock_form_inline","enable_gmap":true,"contact_iframe_code":"<iframe width=\"1920\" height=\"578\" style=\"border:0;overflow:hidden;\" src=\"https:\/\/maps.google.co.in\/?ie=UTF8&t=m&ll=-37.823006,144.977388&spn=0.02034,0.042915&z=14&output=embed\"><\/iframe>","enable_contact_info":true,"contactborder_color":"","contact_hvrborder_color":"","icontactheading_color":"","contacticon_bg_color":"","contacticon_color":"","contacticon_hoverbg_color":"","contacticonhover_color":"","contact_phone":true,"contact_module_contact_phonetitle":"Phone","contact_icon_1":"fa fa-phone","contact_phone1":"<b>Toll-Free: <\/b> 0803 - 080 - 3081","contact_phone2":"<b>Fax: <\/b> 0803 - 080 - 3082","contact_module_email":true,"contact_module_contact_title":"Email","contact_icon_2":"fa fa-envelope","contact_module_email1":"mail@example.com","contact_module_email2":"support@somemail.com","contact_module_address":true,"contact_module_address_title":"Address","contact_icon_3":"fa fa-location-arrow","contact_module_address1":"No: 58 A, East Madison Street,","contact_module_address2":"Baltimore, MD, USA\n4508","enable_contact_form":true,"contact_form_title":"Contact Form"}},"password-header":{"type":"password-header","settings":{}},"password-content":{"type":"password-content","settings":{}},"password-footer":{"type":"password-footer","settings":{}},"inner-page-team-section":{"type":"inner-page-team-section","blocks":{"87423189-7920-4045-99e2-148c25a11979":{"type":"content","settings":{"image":"shopify:\/\/shop_images\/support-block-image.jpg","name":"Name","designation":"Customer support","facebook":"#","twitter":"#","pinterest":"#","youtube":"#"}},"8e98ff50-12a4-4169-8919-91f92bd960a3":{"type":"content","settings":{"image":"shopify:\/\/shop_images\/support-block-image.jpg","name":"Name","designation":"Customer support","facebook":"#","twitter":"#","pinterest":"#","youtube":"#"}},"af12c133-f72e-4a02-a6a1-e161127752eb":{"type":"content","settings":{"image":"shopify:\/\/shop_images\/support-block-image.jpg","name":"Name","designation":"Customer support","facebook":"#","twitter":"#","pinterest":"#","youtube":"#"}},"1568878c-641d-4f2b-8110-53208a8b8555":{"type":"content","settings":{"image":"shopify:\/\/shop_images\/support-block-image.jpg","name":"Name","designation":"Customer support","facebook":"#","twitter":"#","pinterest":"#","youtube":"#"}}},"block_order":["87423189-7920-4045-99e2-148c25a11979","8e98ff50-12a4-4169-8919-91f92bd960a3","af12c133-f72e-4a02-a6a1-e161127752eb","1568878c-641d-4f2b-8110-53208a8b8555"],"settings":{"enable":true,"full":false,"spacing_both_ends":false,"padding":"10,10","margin":"0,0","show_background_image":false,"background_style":"default","enable_overlay":false,"background_color":"","overlay_transparency":"0.5","section_heading":"inner-page our team","section_sub_heading":"Sub Heading","section_description":"Use this text to share the information which you like!.","section_button_text":"","section_button_link":"","section_heading_color":"","section_sub_heading_color":"","section_description_color":"","section_button_bg_color":"","section_button_text_color":"","section_button_hover_bg_color":"","section_button_hover_text_color":"","heading_position":"text-center","column":"four-column","block_heading_color":"","block_designation_color":"","block_bg":"","block_social_icon_bg_color":"","block_social_icon_color":"","block_social_icon_hover_bg_color":"","block_social_icon_hover_color":""}},"1625463344dad1f849":{"type":"slideshow","blocks":{"4c516436-6dbf-4e7a-9a98-247eb52ed300":{"type":"Slider","settings":{"mobile_bg_clr":"","text_alignment":"text-center","content_position":"dt-sc-flex-center","show_image":false,"title_2":"Sub Heading","subheading_color":"","subheading_size":"20","title":"Heading","heading_color":"","heading_size":"54","desc":"Few lines of short description.","desc_color":"","desc_size":"14","button":"Shop Now","link":"","btn_bg_color":"","btn_txt_color":"","btn_hoverbg_color":"","btn_hovertxt_color":"","button_2":"","link_2":"","btn_bg_color_2":"","btn_txt_color_2":"","btn_hoverbg_color_2":"","btn_hovertxt_color_2":"","slide_content_bg":""}},"7a7d1364-f948-4c91-984f-e95ae233b188":{"type":"Slider","settings":{"mobile_bg_clr":"","text_alignment":"text-center","content_position":"dt-sc-flex-center","show_image":false,"title_2":"Sub Heading","subheading_color":"","subheading_size":"20","title":"Heading","heading_color":"","heading_size":"54","desc":"Few lines of short description.","desc_color":"","desc_size":"14","button":"Shop Now","link":"","btn_bg_color":"","btn_txt_color":"","btn_hoverbg_color":"","btn_hovertxt_color":"","button_2":"","link_2":"","btn_bg_color_2":"","btn_txt_color_2":"","btn_hoverbg_color_2":"","btn_hovertxt_color_2":"","slide_content_bg":""}}},"block_order":["4c516436-6dbf-4e7a-9a98-247eb52ed300","7a7d1364-f948-4c91-984f-e95ae233b188"],"settings":{"full":true,"spacing_both_ends":false,"margin":"0,0","slider_height":850,"slider_height_lap":700,"slider_height_tab":600,"slider_height_mobile":350,"content_within_container":false,"enable_box_shadow":false,"border_radius":"0","content_border_radius":"0","autoplay":false,"slideshow_speed":"5000","dots":true,"carousel_pagination_alignment":"center_pagination","carousel_pagination_bottom_alignment":"inside_element","arrows":false,"nav_arrow_position":"navigation-bottom-center","center_nav_arrow_alignment":"outside_container","navigation_button_color":"","navigation_button_icon_color":"","navigation_button_hover_color":"","navigation_button_hover_icon_color":"","navigation_dot_color":"","navigation_dot_active_color":"","custom_class_name":""}},"16254637395b779024":{"type":"home-product-carousel","settings":{"full":false,"spacing_both_ends":false,"padding":"0,0","margin":"100,100","show_background_image":false,"background_style":"default","enable_overlay":false,"background_color":"","overlay_transparency":"0.5","section_heading":"Product Carousel","section_sub_heading":"","section_description":"","section_button_text":"","section_button_link":"","section_heading_color":"","section_sub_heading_color":"","section_description_color":"","section_button_bg_color":"","section_button_text_color":"","section_button_hover_bg_color":"","section_button_hover_text_color":"","heading_position":"text-start","grouped_content_bg":"","grouped_column_gap":"30","grouped_content_padding":"0","group_border_radius":"0","enable_group_box_shadow":false,"reverse_column":false,"content_width":"30\/70","lap_content_width":"35\/65","additional_block_background_color":"","additional_block_box_shadow":false,"additional_content_padding":"0","additional_block_border_radius":"0","enable_main_content":true,"main_block_background_color":"","enable_main_block_box_shadow":false,"main_block_border_radius":"0","main_content_padding":"0","collection":"","column_gap":"30","border_radius":"0","enable_list_view":false,"grid":"4","post_limit":2,"enable_slider":false,"items_per_view":4,"rows":3,"slider_autoplay":0,"enable_auto_height":false,"dots":false,"carousel_pagination_alignment":"center_pagination","carousel_pagination_bottom_alignment":"outside_element","arrows":false,"nav_arrow_position":"navigation-top-right","center_nav_arrow_alignment":"inside_container","navigation_button_color":"","navigation_button_icon_color":"","navigation_button_hover_color":"","navigation_button_hover_icon_color":"","navigation_dot_color":"","navigation_dot_active_color":"","custom_class_name":""}},"16254638834e702403":{"type":"home-grid-banner","blocks":{"16254638834e702403-0":{"type":"content","settings":{"show_image":true,"block_title":"Title","block_sub_title":"","block_description":"Pair text with an image to focus on your chosen product, collection, or blog post. Add details on availability, style, or even provide a review.","block_button_text":"Button","block_button_link":"shopify:\/\/collections\/swatches-size-color","block_text_align":"text-start","content_position":"center-left","reverse_column":false,"block_banner_bg":"","block_content_box_bg":"","block_heading_color":"","block_sub_heading_color":"","block_description_color":"","block_button_bg_color":"","block_button_text_color":"","block_button_hover_bg_color":"","block_button_hover_text_color":"","overlay_style":"use_overlay","overlay_color":"","overlay_opacity":"0.5","rotation_degree":"180"}}},"block_order":["16254638834e702403-0"],"settings":{"full":false,"spacing_both_ends":false,"padding":"0,0","margin":"0,0","show_background_image":false,"background_style":"default","enable_overlay":false,"background_color":"","overlay_transparency":"0.5","section_heading":"","section_sub_heading":"","section_description":"","section_button_text":"","section_button_link":"","section_heading_color":"","section_sub_heading_color":"","section_description_color":"","section_button_bg_color":"","section_button_text_color":"","section_button_hover_bg_color":"","section_button_hover_text_color":"","heading_position":"text-center","block_banner_style":"list","column_gap":"30","grid":"2","border_radius":"0","enable_box_shadow":false,"equal_height":false,"content_width":"50\/50","lap_content_width":"40\/60","overlay_style_height":600,"overlay_style_height_laptop":500,"overlay_style_height_mobile":400,"custom_class_name":""}},"162546445354753e59":{"type":"home-featured-blog","settings":{"full":false,"spacing_both_ends":false,"padding":"100,100","margin":"100,100","show_background_image":false,"background_style":"default","enable_overlay":true,"background_color":"","overlay_transparency":"0.5","section_heading":"Blog Listing","section_sub_heading":"","section_description":"","section_button_text":"","section_button_link":"","section_heading_color":"","section_sub_heading_color":"","section_description_color":"","section_button_bg_color":"","section_button_text_color":"","section_button_hover_bg_color":"","section_button_hover_text_color":"","heading_position":"text-center","blog":"news","blog_show_author":true,"blog_show_date":true,"blog_comments":false,"blog_show_tag":false,"blog_show_button":true,"blog_show_description":true,"enable_blog_icons":false,"block_banner_style":"grid-style","post_limit":1,"grid":"1","text_position":"text-center","enable_box_shadow":false,"vertical_position":"vertical-center","content_width":"50\/50","lap_content_width":"40\/60","overlay_style_height":400,"overlay_style":"use_overlay","overlay_color":"","overlay_opacity":"0.5","rotation_degree":"180","split_blog_layout":false,"split_gap":"30","enable_masonry_grid":false,"main_banner_style":"grid-style","additional_banner_style":"list-style","enable_masonry_reverse":false,"blog_bg_color":"","blog_link_color":"","blog_link_hover_color":"","blog_text_color":"","blog_icon_color":"","blog_button_bg_color":"","blog_button_text_color":"","blog_button_bg_hover_color":"","blog_button_text_hover_color":"","blog_link_color_overlay":"","blog_link_hover_color_overlay":"","blog_text_color_overlay":"","blog_icon_color_overlay":"","blog_button_bg_color_overlay":"","blog_button_text_color_overlay":"","blog_button_bg_hover_color_overlay":"","blog_button_text_hover_color_overlay":"","masonry_content_width":"50\/50","lap_masonry_content_width":"40\/60","enable_slider":false,"enable_auto_height":true,"items_per_view":2,"column_gap":"30","slider_autoplay":0,"dots":true,"carousel_pagination_alignment":"center_pagination","arrows":true,"nav_arrow_position":"center-navigation","center_nav_arrow_alignment":"outside_container","navigation_button_color":"","navigation_button_icon_color":"","navigation_button_hover_color":"","navigation_button_hover_icon_color":"","navigation_dot_color":"","navigation_dot_active_color":"","custom_class_name":""}},"gift_card-logo":{"type":"gift_card-logo","settings":{"logo":"shopify:\/\/shop_images\/thumb-image-new.png","logo_max_width":100}},"faq-template-1":{"type":"faq-template-1","blocks":{"e1a2fa1e-be78-4bc9-a3f7-70d80f1be39b":{"type":"icon","settings":{"icon":"shopify:\/\/shop_images\/thumb-image-new.png","title":"Heading","desc":"Lorem ipsum dolor sit amet"}},"857eea99-7589-4517-a0d4-aca53402bfc0":{"type":"icon","settings":{"icon":"shopify:\/\/shop_images\/video-mask.png","title":"Heading","desc":"Lorem ipsum dolor sit amet"}},"b848418e-c273-496e-8046-df3cd5a2bf7e":{"type":"class","settings":{"class":"fa fa-home","title":"Heading","desc":"Lorem ipsum dolor sit amet"}},"d15e4963-2706-4682-9c98-b70fd4e102e3":{"type":"class","settings":{"class":"fa fa-gear","title":"Heading","desc":"Lorem ipsum dolor sit amet"}}},"block_order":["e1a2fa1e-be78-4bc9-a3f7-70d80f1be39b","857eea99-7589-4517-a0d4-aca53402bfc0","b848418e-c273-496e-8046-df3cd5a2bf7e","d15e4963-2706-4682-9c98-b70fd4e102e3"],"settings":{"full":false,"spacing_both_ends":false,"padding":"0,0","margin":"0,100","background_image":"shopify:\/\/shop_images\/background-04.jpg","show_background_image":true,"background_style":"parallax","background_size":"repeat","enable_overlay":true,"background_color":"","overlay_transparency":"0","section_heading":"FAQ Block","section_sub_heading":"","section_description":"Use this text to share the information which you like!.","section_button_text":"","section_button_link":"","section_heading_color":"","section_sub_heading_color":"","section_description_color":"","section_button_bg_color":"","section_button_text_color":"","section_button_hover_bg_color":"","section_button_hover_text_color":"","heading_position":"text-center","block_style":"default-style","text_position":"text-start","border_radius":"0","enable_box_shadow":true,"enable_heading_icons":true,"faq_icon_size":"30","enable_segmented_layout":false,"segmented_layout_gap":"15","faq_heading_color":"","faq_heading_bg_color":"","faq_content_color":"","faq_content_bg_color":"","custom_class_name":""}},"faq-template-2":{"type":"faq-template-2","blocks":{"18d3f5b5-bd2e-41f2-a4e5-e889658f12f7":{"type":"text","settings":{}},"95608e7d-70cf-4983-8b39-6745bb529d26":{"type":"text","settings":{}}},"block_order":["18d3f5b5-bd2e-41f2-a4e5-e889658f12f7","95608e7d-70cf-4983-8b39-6745bb529d26"],"settings":{"full":false,"spacing_both_ends":false,"padding":"0,100","margin":"0,0","show_background_image":true,"background_image":"shopify:\/\/shop_images\/background-04.jpg","background_style":"parallax","background_size":"repeat","enable_overlay":true,"background_color":"#ffffff","overlay_transparency":"0","section_heading":"FAQ Block","section_sub_heading":"","section_description":"Use this text to share the information which you like!.","section_button_text":"","section_button_link":"","section_heading_color":"","section_sub_heading_color":"","section_description_color":"","section_button_bg_color":"","section_button_text_color":"","section_button_hover_bg_color":"","section_button_hover_text_color":"","heading_position":"text-center"}},"top-bar-marquee":{"type":"top-bar-marquee","settings":{"full":false,"spacing_both_ends":false,"padding":"0,0","margin":"0,0","show_background_image":false,"background_style":"none","background_size":"auto","enable_overlay":true,"background_color":"#000000","overlay_transparency":"0.5","animation_effect_section":"none","column_gap":"30","layout_style":"style_1","speed":"2","enable_reverse_animation":false,"block_background_color":"#231616","block_heading_color":"#ffffff","block_addon_color":"#ba8d69","custom_class_name":""}},"index-menu":{"type":"index-menu","settings":{"scroll_menu_width":300,"spacing_from_top":130,"fullwidth_menu_bg":"#f3eeeb","logo":"shopify:\/\/shop_images\/logo.png","logo_max_width":100,"filter_title":"","linklist":"main-menu","hide_indexmenu_mobile":true}},"index-vertical-mega-menu":{"type":"index-vertical-mega-menu","blocks":{"d95c99da-afff-482a-b6bb-816314912451":{"type":"promo_image","settings":{"mega_1":"shop","mega_columns":"four-column","row_reverse":false,"title_1":"","button_1":"","link_1":"","title_2":"","button_2":"","link_2":"","title_3":"","button_3":"","link_3":"","title_4":"","button_4":"","link_4":""}},"0e9efafa-ae9f-4afd-97ed-3874af1fd639":{"type":"tab","settings":{"mega_1":"pages","row_reverse":false,"tab-menu":"vertical","tab1_heading":"Heading","tab1":"collection","tab1_columns":"four-column","row_reverse_tab1":false,"tab2_heading":"Heading","tab2":"","tab2_columns":"four-column","row_reverse_tab2":false,"tab3_heading":"Heading","tab3":"","tab3_columns":"four-column","row_reverse_tab3":false,"tab4_heading":"Heading","tab4":"","tab4_columns":"four-column","row_reverse_tab4":false,"tab5_heading":"Heading","tab5":"","tab5_columns":"four-column","row_reverse_tab5":false}},"63a0baf5-bae0-4187-b710-44fc9303516e":{"type":"tab","settings":{"mega_1":"Tab Menu","row_reverse":false,"tab-menu":"horizontal","tab1_heading":"Tab1","tab1":"tab-1","tab1_columns":"four-column","row_reverse_tab1":false,"tab2_heading":"Tab2","tab2":"three-column","tab2_columns":"four-column","row_reverse_tab2":false,"tab3_heading":"Tab3","tab3":"","tab3_columns":"four-column","row_reverse_tab3":false,"tab4_heading":"Tab4","tab4":"","tab4_columns":"four-column","row_reverse_tab4":false,"tab5_heading":"Tab5","tab5":"","tab5_columns":"four-column","row_reverse_tab5":false}},"fa07dfbc-ab1e-4dfa-b486-795d6b636a93":{"type":"promo_image","disabled":true,"settings":{"mega_1":"carousel","mega_columns":"four-column","row_reverse":false,"title_1":"","button_1":"","link_1":"","title_2":"","button_2":"","link_2":"","title_3":"","button_3":"","link_3":"","title_4":"","button_4":"","link_4":""}}},"block_order":["d95c99da-afff-482a-b6bb-816314912451","0e9efafa-ae9f-4afd-97ed-3874af1fd639","63a0baf5-bae0-4187-b710-44fc9303516e","fa07dfbc-ab1e-4dfa-b486-795d6b636a93"],"settings":{"side_widget_name":"Categories","heading_font_size":22,"pick_menu":"main-menu","menu_font_size":22,"submenu_font_size":22,"enable_menu_indicator":true}}},"content_for_index":["1625463344dad1f849","16254637395b779024","16254638834e702403","162546445354753e59"]}}