{"sections":{"16484715585d0b75d2":{"type":"slideshow","blocks":{"7e33837d-b447-4031-9b6f-97da7a46ad45":{"type":"Slider","settings":{"slider_type":"image","image":"shopify:\/\/shop_images\/slider01.jpg","mobile_image":"shopify:\/\/shop_images\/mblslider01.jpg","video_url":"https:\/\/storage.googleapis.com\/coverr-main\/mp4\/Palm_Trees.mp4","iframe_url":"","mobile_bg_clr":"#cf4666","text_alignment":"text-start","content_position":"center-left","show_image":false,"show_content":true,"enable_block_image_with_content":false,"title_2":"Pant Style Diabers","subheading_color":"#eab49c","subheading_size":"20","title":"Soft, Stretchy and Breathable","heading_color":"#fdf9f8","heading_size":"56","desc":"","desc_color":"","desc_size":"14","button":"Shop Now","link":"shopify:\/\/collections\/new-collection","btn_bg_color":"#d0c07a","btn_txt_color":"#161f65","btn_hoverbg_color":"#161f65","btn_hovertxt_color":"#fdf9f8","button_2":"","link_2":"","btn_bg_color_2":"","btn_txt_color_2":"","btn_hoverbg_color_2":"","btn_hovertxt_color_2":"","slide_content_bg":"rgba(0,0,0,0)"}},"dcdbc58d-ccae-459a-8259-9afb4a7cb231":{"type":"Slider","settings":{"slider_type":"image","image":"shopify:\/\/shop_images\/slider_desk1.jpg","mobile_image":"shopify:\/\/shop_images\/cutiezslider3.jpg","video_url":"https:\/\/storage.googleapis.com\/coverr-main\/mp4\/Palm_Trees.mp4","iframe_url":"","mobile_bg_clr":"#f3d4ca","text_alignment":"text-end","content_position":"center-right","show_image":false,"show_content":true,"enable_block_image_with_content":false,"title_2":"Skin Care Products","subheading_color":"#eab49c","subheading_size":"20","title":"Gentle Baby Lotion & Bath Oils","heading_color":"#fdf9f8","heading_size":"56","desc":"","desc_color":"","desc_size":"14","button":"Shop Now","link":"shopify:\/\/collections\/accessories","btn_bg_color":"#d0c07a","btn_txt_color":"#161f65","btn_hoverbg_color":"#161f65","btn_hovertxt_color":"#fdf9f8","button_2":"","link_2":"","btn_bg_color_2":"rgba(0,0,0,0)","btn_txt_color_2":"rgba(0,0,0,0)","btn_hoverbg_color_2":"rgba(0,0,0,0)","btn_hovertxt_color_2":"rgba(0,0,0,0)","slide_content_bg":"rgba(0,0,0,0)"}},"37e2013b-ba2b-4ea8-a6f6-359880c95d7e":{"type":"Slider","settings":{"slider_type":"image","image":"shopify:\/\/shop_images\/slider_desk3.jpg","mobile_image":"shopify:\/\/shop_images\/cutiezslider4.jpg","video_url":"https:\/\/storage.googleapis.com\/coverr-main\/mp4\/Palm_Trees.mp4","iframe_url":"","mobile_bg_clr":"#161f65","text_alignment":"text-start","content_position":"center-left","show_image":false,"show_content":true,"enable_block_image_with_content":false,"title_2":"Bathing Support Accessories","subheading_color":"#eab49c","subheading_size":"20","title":"Foldable Infant Bath Tub","heading_color":"#fdf9f8","heading_size":"56","desc":"","desc_color":"","desc_size":"14","button":"Shop Now","link":"shopify:\/\/collections\/toys","btn_bg_color":"#d0c07a","btn_txt_color":"#161f65","btn_hoverbg_color":"#cf4666","btn_hovertxt_color":"#fdf9f8","button_2":"","link_2":"","btn_bg_color_2":"rgba(0,0,0,0)","btn_txt_color_2":"rgba(0,0,0,0)","btn_hoverbg_color_2":"rgba(0,0,0,0)","btn_hovertxt_color_2":"rgba(0,0,0,0)","slide_content_bg":"rgba(0,0,0,0)"}}},"block_order":["7e33837d-b447-4031-9b6f-97da7a46ad45","dcdbc58d-ccae-459a-8259-9afb4a7cb231","37e2013b-ba2b-4ea8-a6f6-359880c95d7e"],"settings":{"full":true,"spacing_both_ends":false,"margin":"0,0","slider_height":1060,"slider_height_lap":990,"slider_height_tab":760,"slider_height_mobile":550,"video-aspect-ratio":"","content_within_container":false,"enable_box_shadow":true,"border_radius":"0","content_border_radius":"10","autoplay":true,"slideshow_speed":"5000","dots":false,"carousel_pagination_alignment":"center_pagination","carousel_pagination_bottom_alignment":"inside_element","arrows":true,"nav_arrow_position":"center-navigation","center_nav_arrow_alignment":"inside_container","navigation_button_color":"","navigation_button_icon_color":"#ffffff","navigation_button_hover_color":"","navigation_button_hover_icon_color":"#ffffff","navigation_dot_color":"","navigation_dot_active_color":"","arrow_image":"shopify:\/\/shop_images\/arrow-maskimage.png","arrow_color":"#d0c07a","arrow_hover_color":"#ffffff","custom_class_name":"dt-sc-slide1"}},"1664862772a72fa3cb":{"type":"home-grid-banner","blocks":{"1664862772ac2b44ed-0":{"type":"content","settings":{"grid_banner_type":"image","block_image":"shopify:\/\/shop_images\/gb1.jpg","image_position":"left","enable_image_link":true,"block_video":"https:\/\/www.w3schools.com\/tags\/mov_bbb.mp4","video_icon_color":"","video_icon_position":"icon-top-right","content_with_icon":false,"video_icon_outer_size":"60px","video_icon_size":"40px","show_image":true,"show_content":false,"block_title":"Title","enable_title_link":false,"block_sub_title":"Sub title","block_description":"Short description","block_button_text":"","block_button_link":"shopify:\/\/collections\/accessories","block_text_align":"text-center","content_position":"center","animation_effect_block":"fadeInLeft","reverse_column":false,"block_banner_bg":"","block_content_box_bg":"","block_heading_color":"","block_sub_heading_color":"","bgcolor":"","block_description_color":"","block_button_bg_color":"","block_button_text_color":"","block_button_hover_bg_color":"","block_button_hover_text_color":"","overlay_style":"use_overlay","overlay_color":"rgba(0,0,0,0)","overlay_opacity":"0.5","rotation_degree":"180"}},"1664862772ac2b44ed-1":{"type":"content","settings":{"grid_banner_type":"image","block_image":"shopify:\/\/shop_images\/gb2.jpg","image_position":"center","enable_image_link":true,"block_video":"https:\/\/www.w3schools.com\/tags\/mov_bbb.mp4","video_icon_color":"","video_icon_position":"icon-top-right","content_with_icon":false,"video_icon_outer_size":"60px","video_icon_size":"40px","show_image":true,"show_content":false,"block_title":"Title","enable_title_link":false,"block_sub_title":"Sub title","block_description":"Short description","block_button_text":"","block_button_link":"shopify:\/\/collections\/baby-clothing","block_text_align":"text-center","content_position":"center","animation_effect_block":"fadeInDown","reverse_column":false,"block_banner_bg":"","block_content_box_bg":"","block_heading_color":"","block_sub_heading_color":"","bgcolor":"","block_description_color":"","block_button_bg_color":"","block_button_text_color":"","block_button_hover_bg_color":"","block_button_hover_text_color":"","overlay_style":"use_overlay","overlay_color":"rgba(0,0,0,0)","overlay_opacity":"0.5","rotation_degree":"180"}},"6ed51cac-8d99-4f77-bb5d-0417952a69ec":{"type":"content","settings":{"grid_banner_type":"image","block_image":"shopify:\/\/shop_images\/grid01.jpg","image_position":"left","enable_image_link":true,"block_video":"https:\/\/www.w3schools.com\/tags\/mov_bbb.mp4","video_icon_color":"","video_icon_position":"icon-top-right","content_with_icon":false,"video_icon_outer_size":"60px","video_icon_size":"40px","show_image":true,"show_content":false,"block_title":"Title","enable_title_link":false,"block_sub_title":"Sub title","block_description":"Short description","block_button_text":"","block_button_link":"shopify:\/\/collections\/feeding","block_text_align":"text-center","content_position":"center","animation_effect_block":"fadeInRight","reverse_column":false,"block_banner_bg":"","block_content_box_bg":"","block_heading_color":"","block_sub_heading_color":"","bgcolor":"","block_description_color":"","block_button_bg_color":"","block_button_text_color":"","block_button_hover_bg_color":"","block_button_hover_text_color":"","overlay_style":"use_overlay","overlay_color":"rgba(0,0,0,0)","overlay_opacity":"0.5","rotation_degree":"180"}}},"block_order":["1664862772ac2b44ed-0","1664862772ac2b44ed-1","6ed51cac-8d99-4f77-bb5d-0417952a69ec"],"settings":{"full":false,"spacing_both_ends":false,"padding":"0,0","margin":"-150,0","show_background_image":false,"background_style":"none","background_size":"auto","enable_overlay":false,"background_color":"","overlay_transparency":"0.5","section_heading":"","section_sub_heading":"","section_description":"","section_button_text":"","section_button_link":"","section_heading_color":"","section_sub_heading_color":"","section_description_color":"","section_button_bg_color":"","section_button_text_color":"","section_button_hover_bg_color":"","section_button_hover_text_color":"","heading_position":"text-center","block_banner_style":"overlay","column_gap":"30","grid":"3","border_radius":"20px","enable_box_shadow":false,"equal_height":false,"animation_effect_section":"none","animation_effect":true,"content_width":"50\/50","lap_content_width":"40\/60","overlay_style_height":330,"overlay_style_height_laptop":330,"overlay_style_height_mobile":360,"custom_class_name":"dt-sc-overlaygrid1"}},"2909dd68-b2ca-4493-9f2b-9b8710f265b9":{"type":"home-html-text","settings":{"full":false,"spacing_both_ends":false,"padding":"","margin":"80,0","show_background_image":true,"background_image":"shopify:\/\/shop_images\/html_banner.jpg","background_style":"none","background_size":"cover","enable_overlay":false,"background_color":"","overlay_transparency":"0.5","section_heading":"Gifts <span>10% OFF<\/span>","section_sub_heading":"","section_description":"New Born Baby","section_button_text":"View All","section_button_link":"shopify:\/\/collections\/baby-gear","section_heading_color":"#161f65","section_sub_heading_color":"#cf4666","section_description_color":"#161f65","section_button_bg_color":"#d0c07a","section_button_text_color":"#161f65","section_button_hover_bg_color":"#161f65","section_button_hover_text_color":"#ffffff","heading_position":"text-center","html":"<!--<div id='insta-feed'><\/div>-->","animation_effect_section":"zoomIn","custom_class_name":""}},"16648745048dd8b873":{"type":"home-support-block","blocks":{"ae246541-d1c2-4707-984f-efc46500fb2f":{"type":"mask-image","settings":{"mask_image":"shopify:\/\/shop_images\/12_d77aa091-7686-415a-bc6a-dd9f6880c0d6.png","title":"","desc":"","link_text":"Cubes","link":"shopify:\/\/collections\/accessories","block_icon_color":"#cf4666","block_icon_hover_color":"#ffffff","block_icon_bg-img_color":"rgba(0,0,0,0)","block_icon_bg-img_hover_color":"#cf4666","animation_effect_mask":"fadeInDown"}},"84f49a70-6f4b-4724-a2e3-dc1a5c06c08f":{"type":"mask-image","settings":{"mask_image":"shopify:\/\/shop_images\/Shape_2.png","title":"","desc":"","link_text":"Toys","link":"shopify:\/\/collections\/toys","block_icon_color":"#cf4666","block_icon_hover_color":"#ffffff","block_icon_bg-img_color":"rgba(0,0,0,0)","block_icon_bg-img_hover_color":"#cf4666","animation_effect_mask":"fadeInUp"}},"3d34593b-7d8f-49d5-9e77-1d22ce269a13":{"type":"mask-image","settings":{"mask_image":"shopify:\/\/shop_images\/Shape_3.png","title":"","desc":"","link_text":"Diapers","link":"shopify:\/\/collections\/nursing","block_icon_color":"#cf4666","block_icon_hover_color":"#ffffff","block_icon_bg-img_color":"rgba(0,0,0,0)","block_icon_bg-img_hover_color":"#cf4666","animation_effect_mask":"fadeInDown"}},"4b0ea1f4-680c-4b02-b240-1c7bb86329bd":{"type":"mask-image","settings":{"mask_image":"shopify:\/\/shop_images\/Shape_4.png","title":"","desc":"","link_text":"Body Lotion","link":"shopify:\/\/collections\/health","block_icon_color":"#cf4666","block_icon_hover_color":"#ffffff","block_icon_bg-img_color":"rgba(0,0,0,0)","block_icon_bg-img_hover_color":"#cf4666","animation_effect_mask":"fadeInUp"}},"c2d65a49-7f39-4773-9557-411c339b0de4":{"type":"mask-image","settings":{"mask_image":"shopify:\/\/shop_images\/1_99e11017-721c-4c58-b583-11d4d8b3c677.png","title":"","desc":"","link_text":"Milk Powder","link":"shopify:\/\/collections\/feeding","block_icon_color":"#cf4666","block_icon_hover_color":"#ffffff","block_icon_bg-img_color":"rgba(0,0,0,0)","block_icon_bg-img_hover_color":"#cf4666","animation_effect_mask":"fadeInDown"}},"1f55603a-606d-404f-a12d-d2f5710b550e":{"type":"mask-image","settings":{"mask_image":"shopify:\/\/shop_images\/Shape_6.png","title":"","desc":"","link_text":"Stroller","link":"shopify:\/\/collections\/baby-gear","block_icon_color":"#cf4666","block_icon_hover_color":"#ffffff","block_icon_bg-img_color":"rgba(0,0,0,0)","block_icon_bg-img_hover_color":"#cf4666","animation_effect_mask":"fadeInUp"}}},"block_order":["ae246541-d1c2-4707-984f-efc46500fb2f","84f49a70-6f4b-4724-a2e3-dc1a5c06c08f","3d34593b-7d8f-49d5-9e77-1d22ce269a13","4b0ea1f4-680c-4b02-b240-1c7bb86329bd","c2d65a49-7f39-4773-9557-411c339b0de4","1f55603a-606d-404f-a12d-d2f5710b550e"],"settings":{"full":false,"spacing_both_ends":false,"padding":"0,0","margin":"80,0","show_background_image":false,"background_style":"none","background_size":"auto","enable_overlay":false,"background_color":"","overlay_transparency":"0.5","section_heading":"Shop by Category","section_sub_heading":"","section_description":"","section_button_text":"","section_button_link":"","section_heading_color":"#161f65","section_sub_heading_color":"","section_description_color":"","section_button_bg_color":"","section_button_text_color":"","section_button_hover_bg_color":"","section_button_hover_text_color":"","heading_position":"text-start","animation_effect_section":"none","animation_effect":true,"text_position":"text-center","block_style":"default-style","grid":"6","enable_grid_style":true,"vertical_position":"position-default","reverse_column":false,"border_radius":"0px","icon_border_radius":"0px","enable_box_shadow":false,"block_icon_outer_size":"170px","block_icon_size":"120px","block_border_color":"rgba(0,0,0,0)","block_bg":"#cf4666","block_heading_color":"","block_description_color":"","block_button_bg_color":"rgba(0,0,0,0)","block_button_text_color":"#161f65","block_button_hover_bg_color":"rgba(0,0,0,0)","block_button_hover_text_color":"#cf4666","block_box-shadow":"0px 10px 10px 0px rgba(207, 70, 102, 0.2)","rotate-bg-animation":false,"custom_class_name":"dt-sc-support1"}},"16609893105f97374f":{"type":"home-product-carousel","settings":{"full":false,"spacing_both_ends":false,"padding":"0,0","margin":"80,0","show_background_image":false,"background_style":"none","background_size":"auto","enable_overlay":false,"background_color":"","overlay_transparency":"0.5","section_heading":"Popular Product","section_sub_heading":"","section_description":"","section_button_text":"","section_button_link":"","section_heading_color":"#161f65","section_sub_heading_color":"","section_description_color":"","section_button_bg_color":"","section_button_text_color":"","section_button_hover_bg_color":"","section_button_hover_text_color":"","heading_position":"text-start","animation_effect_section":"fadeInUp","animation_effect":false,"grouped_content_bg":"","grouped_column_gap":"30","grouped_content_padding":"0","group_border_radius":"","enable_group_box_shadow":false,"reverse_column":false,"content_width":"30\/70","lap_content_width":"35\/65","additional_block_background_color":"","additional_block_box_shadow":false,"additional_content_padding":"0","additional_block_border_radius":"0","animation_effect_additionalblock":"fadeInUp","enable_main_content":true,"main_block_background_color":"","animation_effect_mainblock":"fadeInLeft","enable_main_block_box_shadow":false,"main_block_border_radius":"0","main_content_padding":"0","collection":"baby-clothing","column_gap":"30","border_radius":"0","enable_list_view":false,"grid":"6","post_limit":12,"enable_slider":true,"items_per_view":4,"items_laptop_view":4,"items_tablet_view":2,"items_mobile_view":1,"enable_center_mode":false,"rows":2,"slider_autoplay":0,"enable_auto_height":false,"dots":false,"carousel_pagination_alignment":"center_pagination","carousel_pagination_bottom_alignment":"outside_element","arrows":true,"nav_arrow_position":"navigation-top-right","center_nav_arrow_alignment":"inside_container","navigation_button_color":"rgba(0,0,0,0)","navigation_button_icon_color":"","navigation_button_hover_color":"rgba(0,0,0,0)","navigation_button_hover_icon_color":"","navigation_dot_color":"","navigation_dot_active_color":"","custom_class_name":""}},"22c71694-4dd5-46a8-b1b6-bffa4bad9b0a":{"type":"home-grid-banner","blocks":{"template--16142323941507__22c71694-4dd5-46a8-b1b6-bffa4bad9b0a-16661576279ebae1e9-0":{"type":"content","settings":{"grid_banner_type":"image","block_image":"shopify:\/\/shop_images\/grid-overlay-big2.jpg","image_position":"center","enable_image_link":false,"block_video":"https:\/\/www.w3schools.com\/tags\/mov_bbb.mp4","video_icon_color":"","video_icon_position":"icon-top-right","content_with_icon":false,"video_icon_outer_size":"60px","video_icon_size":"40px","show_image":true,"show_content":true,"block_title":"Festival <span>Feast<\/span>","enable_title_link":false,"block_sub_title":"<span>Upto<\/span>  40% off","block_description":"Baby Care  •  Nutrition Foods  •  Toys","block_button_text":"Coupon Code - FDE87R45T","block_button_link":"shopify:\/\/collections\/feeding","block_text_align":"text-center","content_position":"center","animation_effect_block":"none","reverse_column":false,"block_banner_bg":"rgba(0,0,0,0)","block_content_box_bg":"","block_heading_color":"#ee3287","block_sub_heading_color":"#161f65","bgcolor":"#fcff00","block_description_color":"#161f65","block_button_bg_color":"#c23b5a","block_button_text_color":"#ffffff","block_button_hover_bg_color":"#fbb147","block_button_hover_text_color":"#161f65","overlay_style":"use_overlay","overlay_color":"","overlay_opacity":"0.5","rotation_degree":"180"}}},"block_order":["template--16142323941507__22c71694-4dd5-46a8-b1b6-bffa4bad9b0a-16661576279ebae1e9-0"],"settings":{"full":true,"spacing_both_ends":false,"padding":"0,0","margin":"80,0","show_background_image":false,"background_style":"none","background_size":"auto","enable_overlay":false,"background_color":"","overlay_transparency":"0.5","section_heading":"","section_sub_heading":"","section_description":"","section_button_text":"","section_button_link":"","section_heading_color":"","section_sub_heading_color":"","section_description_color":"","section_button_bg_color":"","section_button_text_color":"","section_button_hover_bg_color":"","section_button_hover_text_color":"","heading_position":"text-center","block_banner_style":"overlay","column_gap":"30","grid":"1","border_radius":"0","enable_box_shadow":false,"equal_height":false,"animation_effect_section":"fadeInDown","animation_effect":false,"content_width":"50\/50","lap_content_width":"40\/60","overlay_style_height":620,"overlay_style_height_laptop":610,"overlay_style_height_mobile":520,"custom_class_name":"dt-sc-grid-style1"}},"16648799886c5b4e9a":{"type":"home-support-block","blocks":{"86dcf003-789a-4b7b-b504-14e291eda3cd":{"type":"mask-image","settings":{"mask_image":"shopify:\/\/shop_images\/1_691c82fe-75ce-43bf-9301-dfb00a56b0e8.png","mask_image_bg":"shopify:\/\/shop_images\/icon-bg-image1.png","title":"","desc":"","link_text":"0-3 Months","link":"shopify:\/\/collections","block_icon_color":"#161f65","block_icon_hover_color":"#ffffff","block_icon_bg-img_color":"#f3d4ca","block_icon_bg-img_hover_color":"#cf4666","animation_effect_mask":"fadeInUp"}},"35bfec48-0741-4d5f-9dce-09efbe93eea0":{"type":"mask-image","settings":{"mask_image":"shopify:\/\/shop_images\/3.png","mask_image_bg":"shopify:\/\/shop_images\/icon-bg-image2.png","title":"","desc":"","link_text":"3-6 Months","link":"shopify:\/\/collections","block_icon_color":"#161f65","block_icon_hover_color":"#ffffff","block_icon_bg-img_color":"#f3d4ca","block_icon_bg-img_hover_color":"#cf4666","animation_effect_mask":"fadeInDown"}},"dedd8c42-a9fe-4cc3-b8e4-4be2a78732ef":{"type":"mask-image","settings":{"mask_image":"shopify:\/\/shop_images\/4.png","mask_image_bg":"shopify:\/\/shop_images\/icon-bg-image1.png","title":"","desc":"","link_text":"6-12 Months","link":"shopify:\/\/collections","block_icon_color":"#161f65","block_icon_hover_color":"#ffffff","block_icon_bg-img_color":"#f3d4ca","block_icon_bg-img_hover_color":"#cf4666","animation_effect_mask":"fadeInUp"}},"bfd499a2-e2e5-4eff-93c7-0c0beb4bab62":{"type":"mask-image","settings":{"mask_image":"shopify:\/\/shop_images\/5.png","mask_image_bg":"shopify:\/\/shop_images\/icon-bg-image2.png","title":"","desc":"","link_text":"12-24 Months","link":"shopify:\/\/collections","block_icon_color":"#161f65","block_icon_hover_color":"#ffffff","block_icon_bg-img_color":"#f3d4ca","block_icon_bg-img_hover_color":"#cf4666","animation_effect_mask":"fadeInDown"}},"5556bd58-0337-4c07-8876-d3b32d6bc008":{"type":"mask-image","settings":{"mask_image":"shopify:\/\/shop_images\/2.png","mask_image_bg":"shopify:\/\/shop_images\/icon-bg-image1.png","title":"","desc":"","link_text":"24+ Months","link":"shopify:\/\/collections","block_icon_color":"#161f65","block_icon_hover_color":"#ffffff","block_icon_bg-img_color":"#f3d4ca","block_icon_bg-img_hover_color":"#cf4666","animation_effect_mask":"fadeInUp"}}},"block_order":["86dcf003-789a-4b7b-b504-14e291eda3cd","35bfec48-0741-4d5f-9dce-09efbe93eea0","dedd8c42-a9fe-4cc3-b8e4-4be2a78732ef","bfd499a2-e2e5-4eff-93c7-0c0beb4bab62","5556bd58-0337-4c07-8876-d3b32d6bc008"],"settings":{"full":false,"spacing_both_ends":false,"padding":"0,0","margin":"100,0","show_background_image":false,"background_style":"none","background_size":"auto","enable_overlay":false,"background_color":"","overlay_transparency":"0.5","section_heading":"The Stages of Baby Products","section_sub_heading":"","section_description":"Eget gravida cum sociis natoque penatibus et magnis dis. Amet risus nullam eget felis eget nunc lobortis mattis aliquam. Iaculis nunc sed augue lacus viverra.","section_button_text":"","section_button_link":"","section_heading_color":"#161f65","section_sub_heading_color":"","section_description_color":"#161f65","section_button_bg_color":"","section_button_text_color":"","section_button_hover_bg_color":"","section_button_hover_text_color":"","heading_position":"text-center","animation_effect_section":"none","animation_effect":true,"text_position":"text-center","block_style":"default-style","grid":"5","enable_grid_style":true,"vertical_position":"position-vertical-center","reverse_column":false,"border_radius":"0px","icon_border_radius":"0px","enable_box_shadow":false,"block_icon_outer_size":"165px","block_icon_size":"165px","block_border_color":"","block_bg":"","block_heading_color":"","block_description_color":"","block_button_bg_color":"rgba(0,0,0,0)","block_button_text_color":"#161f65","block_button_hover_bg_color":"rgba(0,0,0,0)","block_button_hover_text_color":"#cf4666","block_box-shadow":"","rotate-bg-animation":true,"custom_class_name":""}},"91883abf-e33f-4869-9850-aecf892fda1e":{"type":"home-product-carousel","settings":{"full":false,"spacing_both_ends":false,"padding":"0,0","margin":"80,0","show_background_image":false,"background_style":"none","background_size":"auto","enable_overlay":false,"background_color":"","overlay_transparency":"0.5","section_heading":"","section_sub_heading":"","section_description":"","section_button_text":"","section_button_link":"","section_heading_color":"","section_sub_heading_color":"","section_description_color":"","section_button_bg_color":"","section_button_text_color":"","section_button_hover_bg_color":"","section_button_hover_text_color":"","heading_position":"text-center","animation_effect_section":"slideInUp","animation_effect":false,"grouped_content_bg":"","grouped_column_gap":"30","grouped_content_padding":"0","group_border_radius":"","enable_group_box_shadow":false,"reverse_column":false,"content_width":"30\/70","lap_content_width":"35\/65","additional_block_background_color":"","additional_block_box_shadow":false,"additional_content_padding":"0","additional_block_border_radius":"0","animation_effect_additionalblock":"zoomIn","enable_main_content":true,"main_block_background_color":"","animation_effect_mainblock":"none","enable_main_block_box_shadow":false,"main_block_border_radius":"0","main_content_padding":"0","collection":"skincare","column_gap":"30","border_radius":"0","enable_list_view":false,"grid":"6","post_limit":6,"enable_slider":true,"items_per_view":6,"items_laptop_view":3,"items_tablet_view":3,"items_mobile_view":1,"enable_center_mode":false,"rows":1,"slider_autoplay":7,"enable_auto_height":false,"dots":false,"carousel_pagination_alignment":"center_pagination","carousel_pagination_bottom_alignment":"outside_element","arrows":false,"nav_arrow_position":"navigation-top-right","center_nav_arrow_alignment":"inside_container","navigation_button_color":"","navigation_button_icon_color":"","navigation_button_hover_color":"","navigation_button_hover_icon_color":"","navigation_dot_color":"","navigation_dot_active_color":"","custom_class_name":""}},"1123abd1-422e-42f8-9efe-617622199c76":{"type":"home-product-deal-carousel","blocks":{"954ac2a6-5151-4660-99a1-c667bf02f5af":{"type":"banner","settings":{"block_image":"shopify:\/\/shop_images\/featured1.jpg","show_image":true,"block_title":"Stroller","block_sub_title":"LUXIVIA","block_description":"Save 50%","block_button_text":"Shop Now","block_button_link":"shopify:\/\/collections\/nursing","block_banner_style":"overlay","block_text_align":"text-center","grid_banner_box_shadow":false,"grid_banner_border_radius":"0","overlay_style_height":"400","content_position":"center-right","grid_banner_heading_color":"#55a4da","grid_banner_sub_heading_color":"#161f65","grid_banner_description_color":"#000000","grid_banner_button_bg_color":"#d0c07a","grid_banner_button_text_color":"#161f65","grid_banner_button_hover_bg_color":"#161f65","grid_banner_button_hover_text_color":"#ffffff","grid_banner_content_bg":"#ffffff","banner_image_overlay_style":"with-overlay","banner_image_overlay_color":"rgba(0,0,0,0)","banner_image_overlay_opacity":"0.5","banner_image_rotation_degree":"180"}}},"block_order":["954ac2a6-5151-4660-99a1-c667bf02f5af"],"settings":{"full":true,"spacing_both_ends":false,"padding":"0,0","margin":"80,0","show_background_image":false,"background_style":"none","background_size":"auto","enable_overlay":false,"background_color":"","overlay_transparency":"0.5","section_heading":"","section_sub_heading":"","section_description":"","section_button_text":"","section_button_link":"","section_heading_color":"","section_sub_heading_color":"","section_description_color":"","section_button_bg_color":"","section_button_text_color":"","section_button_hover_bg_color":"","section_button_hover_text_color":"","heading_position":"text-center","grouped_content_bg":"","grouped_column_gap":"0","grouped_content_padding":"0","group_border_radius":"0","enable_group_box_shadow":false,"reverse_column":false,"animation_effect_section":"fadeInDown","animation_effect":true,"content_width":"50\/50","lap_content_width":"40\/60","additional_block_background_color":"","animation_effect_additionalblock":"fadeInLeft","additional_block_box_shadow":false,"additional_content_padding":"","additional_block_border_radius":"20","enable_main_content":true,"main_block_background_color":"","animation_effect_mainblock":"fadeInRight","enable_main_block_box_shadow":false,"main_block_border_radius":"0","main_content_padding":"20","collection":"baby-gear","show_list_style":false,"show_thumb_images":false,"display_vendor":false,"truncated_description":false,"excerpt_count":"100","enable_add_cart":false,"display_color_variant":false,"display_item_size":false,"product_review":false,"enable_product_count":false,"column_gap":"30","border_radius":"0","grid":"3","post_limit":1,"enable_slider":true,"items_per_view":3,"items_laptop_view":3,"items_tablet_view":2,"items_mobile_view":1,"rows":1,"enable_center_mode":false,"slider_autoplay":0,"enable_auto_height":false,"dots":false,"carousel_pagination_alignment":"center_pagination","carousel_pagination_bottom_alignment":"outside_element","arrows":true,"nav_arrow_position":"center-navigation","center_nav_arrow_alignment":"outside_container","navigation_button_color":"rgba(0,0,0,0)","navigation_button_icon_color":"#161f65","navigation_button_hover_color":"rgba(0,0,0,0)","navigation_button_hover_icon_color":"#cf4666","navigation_dot_color":"","navigation_dot_active_color":"","custom_class_name":""}},"6d5f3621-0311-402c-aa1f-348725695aa4":{"type":"home-product-deal-carousel","blocks":{"7b5aabda-a486-4da5-8517-56dcb8f41bb5":{"type":"banner","settings":{"block_image":"shopify:\/\/shop_images\/featured2.jpg","show_image":true,"block_title":"Toddler Toys","block_sub_title":"Upto 50% Off","block_description":"","block_button_text":"Shop Now","block_button_link":"shopify:\/\/collections\/toys","block_banner_style":"overlay","block_text_align":"text-start","grid_banner_box_shadow":false,"grid_banner_border_radius":"0","overlay_style_height":"400","content_position":"center-left","grid_banner_heading_color":"","grid_banner_sub_heading_color":"","grid_banner_description_color":"","grid_banner_button_bg_color":"#d0c07a","grid_banner_button_text_color":"#161f65","grid_banner_button_hover_bg_color":"#161f65","grid_banner_button_hover_text_color":"#ffffff","grid_banner_content_bg":"#daeeef","banner_image_overlay_style":"with-overlay","banner_image_overlay_color":"#daeeef","banner_image_overlay_opacity":"0.5","banner_image_rotation_degree":"180"}}},"block_order":["7b5aabda-a486-4da5-8517-56dcb8f41bb5"],"settings":{"full":true,"spacing_both_ends":false,"padding":"0,0","margin":"0,0","show_background_image":false,"background_style":"none","background_size":"auto","enable_overlay":false,"background_color":"","overlay_transparency":"0.5","section_heading":"","section_sub_heading":"","section_description":"","section_button_text":"","section_button_link":"","section_heading_color":"","section_sub_heading_color":"","section_description_color":"","section_button_bg_color":"","section_button_text_color":"","section_button_hover_bg_color":"","section_button_hover_text_color":"","heading_position":"text-center","grouped_content_bg":"","grouped_column_gap":"0","grouped_content_padding":"0","group_border_radius":"0","enable_group_box_shadow":false,"reverse_column":true,"animation_effect_section":"fadeInLeft","animation_effect":true,"content_width":"50\/50","lap_content_width":"40\/60","additional_block_background_color":"","animation_effect_additionalblock":"fadeInRight","additional_block_box_shadow":false,"additional_content_padding":"0","additional_block_border_radius":"20","enable_main_content":true,"main_block_background_color":"","animation_effect_mainblock":"fadeInLeft","enable_main_block_box_shadow":false,"main_block_border_radius":"0","main_content_padding":"20","collection":"toys","show_list_style":false,"show_thumb_images":false,"display_vendor":false,"truncated_description":false,"excerpt_count":"100","enable_add_cart":false,"display_color_variant":false,"display_item_size":false,"product_review":false,"enable_product_count":false,"column_gap":"30","border_radius":"20","grid":"3","post_limit":3,"enable_slider":true,"items_per_view":3,"items_laptop_view":3,"items_tablet_view":3,"items_mobile_view":1,"rows":1,"enable_center_mode":false,"slider_autoplay":0,"enable_auto_height":true,"dots":false,"carousel_pagination_alignment":"center_pagination","carousel_pagination_bottom_alignment":"outside_element","arrows":true,"nav_arrow_position":"center-navigation","center_nav_arrow_alignment":"outside_container","navigation_button_color":"rgba(0,0,0,0)","navigation_button_icon_color":"#161f65","navigation_button_hover_color":"rgba(0,0,0,0)","navigation_button_hover_icon_color":"#cf4666","navigation_dot_color":"","navigation_dot_active_color":"","custom_class_name":"dt-sc-productDeal-style1"}},"1661151078327c1836":{"type":"home-testimonial","blocks":{"1661151078813d116d-0":{"type":"content","settings":{"quote":"<p>Dolor magna eget est lorem ipsum dolor. Felis imperdiet proin fermentum leo vel. <\/p>","author":"Simon","job":"Artist","star":"3.5"}},"364d7078-c1e7-4e17-aa06-a2d5c6fa41fc":{"type":"content","settings":{"quote":"<p>Felis imperdiet proin fermentum leo vel. Vitae elementum curabitur vitae nunc sed. Posuere lorem ipsum dolor sit amet. Metus aliquam eleifend mi in nulla posuere aliquam. <\/p>","author":"Hellen Miller","job":"Professor","star":"4"}},"1389ea3d-0f21-4522-b48b-7e40b508d9c6":{"type":"content","settings":{"quote":"<p>Flor magna eget est lorem ipsum dolor. Felis imperdiet proin fermentum leo vel. Vitae elementum curabitur vitae nunc sed. Posuere lorem ipsum dolor sit amet. Metus aliquam eleifend mi in nulla posuere aliquam. Vitae elementum curabitur vitae nunc sed. Posuere lorem ipsum dolor sit amet. <\/p>","author":"Aliya Hilton","job":"Director","star":"5"}},"4b92395f-c4af-47f9-acd2-a8ff59580d03":{"type":"content","settings":{"quote":"<p>Helor magna eget est lorem ipsum dolor. Felis imperdiet proin fermentum leo vel. Vitae elementum curabitur vitae nunc sed. Posuere lorem ipsum dolor sit amet. Metus aliquam eleifend mi in nulla posuere aliquam. <\/p>","author":"Jessica","job":"Teacher","star":"4"}}},"block_order":["1661151078813d116d-0","364d7078-c1e7-4e17-aa06-a2d5c6fa41fc","1389ea3d-0f21-4522-b48b-7e40b508d9c6","4b92395f-c4af-47f9-acd2-a8ff59580d03"],"settings":{"full":false,"spacing_both_ends":false,"padding":"0,0","margin":"30,0","show_background_image":false,"background_style":"none","background_size":"auto","enable_overlay":false,"background_color":"","overlay_transparency":"0.5","section_heading":"Our Customer Feedback","section_sub_heading":"","section_description":"","section_button_text":"","section_button_link":"","section_heading_color":"#161f65","section_sub_heading_color":"","section_description_color":"","section_button_bg_color":"","section_button_text_color":"","section_button_hover_bg_color":"","section_button_hover_text_color":"","heading_position":"text-start","animation_effect_section":"slideInUp","animation_effect":false,"grid":"4","block_style":"style_1","boxed_styles":"overall_boxed","enable_box_shadow":false,"reverse_column":false,"text_position":"text-start","quote_icon":"shopify:\/\/shop_images\/quote.png","quote_style":"quote-icon-in-content","author_info_style":"style_2","border_radius":"0px","boxed_border_radius":"20","column_gap":"30","content_width":"100\/100","lap_content_width":"100\/100","vertical_position":"vertical-top","testimonial_border_color":"#fdf9f8","testimonial_background_color":"#fdf9f8","testimonial_content_color":"#1a1a1a","testimonial_review_color":"#f2d114","testimonial_author_text_color":"#cf4666","testimonial_author_designation_color":"#000000","testimonial_author_separator_color":"","testimonial_quote_icon_color":"#f3d4ca","enable_slider":true,"enable_auto_height":true,"items_per_view":4,"items_laptop_view":3,"items_tablet_view":2,"items_mobile_view":1,"enable_center_mode":false,"autoplay":false,"slideshow_speed":"5000","slideshow_effect":"slide","dots":false,"carousel_pagination_alignment":"center_pagination","carousel_pagination_bottom_alignment":"outside_element","arrows":true,"nav_arrow_position":"navigation-top-right","center_nav_arrow_alignment":"outside_container","navigation_button_color":"rgba(0,0,0,0)","navigation_button_icon_color":"#161f65","navigation_button_hover_color":"rgba(0,0,0,0)","navigation_button_hover_icon_color":"#cf4666","navigation_dot_color":"#161f65","navigation_dot_active_color":"#cf4666","custom_class_name":""}},"1661930727674bff81":{"type":"home-featured-blog","settings":{"full":false,"spacing_both_ends":false,"padding":"0,0","margin":"80,0","show_background_image":false,"background_style":"none","background_size":"auto","enable_overlay":false,"background_color":"","overlay_transparency":"0.5","section_heading":"Latest News and Blogs","section_sub_heading":"","section_description":"","section_button_text":"","section_button_link":"","section_heading_color":"#161f65","section_sub_heading_color":"","section_description_color":"","section_button_bg_color":"","section_button_text_color":"","section_button_hover_bg_color":"","section_button_hover_text_color":"","heading_position":"text-start","blog":"news","blog_show_author":false,"blog_show_date":true,"blog_comments":false,"blog_show_tag":false,"blog_show_button":true,"blog_show_description":true,"enable_blog_icons":false,"block_banner_style":"grid-style","post_limit":3,"grid":"3","text_position":"text-start","enable_box_shadow":false,"vertical_position":"vertical-center","content_width":"50\/50","lap_content_width":"40\/60","overlay_style_height":400,"overlay_style":"use_overlay","overlay_color":"rgba(0,0,0,0)","overlay_opacity":"0.5","rotation_degree":"180","split_blog_layout":false,"split_gap":"30","enable_masonry_grid":false,"main_banner_style":"grid-style","additional_banner_style":"list-style","enable_masonry_reverse":false,"blog_bg_color":"","blog_link_color":"","blog_link_hover_color":"","blog_text_color":"#161f65","blog_icon_color":"#cf4666","blog_button_bg_color":"#d0c07a","blog_button_text_color":"#cf4666","blog_button_bg_hover_color":"#161f65","blog_button_text_hover_color":"#ffffff","blog_link_color_overlay":"","blog_link_hover_color_overlay":"","blog_text_color_overlay":"","blog_icon_color_overlay":"","blog_button_bg_color_overlay":"","blog_button_text_color_overlay":"","blog_button_bg_hover_color_overlay":"","blog_button_text_hover_color_overlay":"","masonry_content_width":"50\/50","lap_masonry_content_width":"40\/60","enable_slider":true,"enable_auto_height":true,"items_per_view":3,"items_laptop_view":3,"items_tablet_view":2,"items_mobile_view":1,"enable_center_mode":false,"column_gap":"30","slider_autoplay":0,"dots":false,"carousel_pagination_alignment":"center_pagination","arrows":true,"nav_arrow_position":"navigation-top-right","center_nav_arrow_alignment":"outside_container","navigation_button_color":"rgba(0,0,0,0)","navigation_button_icon_color":"#161f65","navigation_button_hover_color":"rgba(0,0,0,0)","navigation_button_hover_icon_color":"#cf4666","navigation_dot_color":"","navigation_dot_active_color":"","custom_class_name":""}},"1661152757a9feb77f":{"type":"home-image-gallery","blocks":{"0661150d-8327-45dc-87a2-fe82f6ebb238":{"type":"image_image","settings":{"image":"shopify:\/\/shop_images\/1.jpg","icon_class":"fa fa-instagram","overlay_title":"","link":"shopify:\/\/collections\/accessories"}},"ecd9f9a9-4eda-4748-b817-235c47e5dea4":{"type":"image_image","settings":{"image":"shopify:\/\/shop_images\/2.jpg","icon_class":"fa fa-instagram","overlay_title":"","link":"shopify:\/\/collections\/baby-clothing"}},"c76f15be-8d18-4972-b633-47723105b136":{"type":"image_image","settings":{"image":"shopify:\/\/shop_images\/3.jpg","icon_class":"fa fa-instagram","overlay_title":"","link":"shopify:\/\/collections\/baby-gear"}},"9ef9d5f1-d363-415c-9e7a-735fb0950a5c":{"type":"image_image","settings":{"image":"shopify:\/\/shop_images\/Untitled-2.jpg","icon_class":"fa fa-instagram","overlay_title":"","link":"shopify:\/\/collections\/feeding"}},"722f74ae-59fd-446b-9b7e-f731e0349805":{"type":"image_image","settings":{"image":"shopify:\/\/shop_images\/4.jpg","icon_class":"fa fa-instagram","overlay_title":"","link":"shopify:\/\/collections\/health"}}},"block_order":["0661150d-8327-45dc-87a2-fe82f6ebb238","ecd9f9a9-4eda-4748-b817-235c47e5dea4","c76f15be-8d18-4972-b633-47723105b136","9ef9d5f1-d363-415c-9e7a-735fb0950a5c","722f74ae-59fd-446b-9b7e-f731e0349805"],"settings":{"full":true,"spacing_both_ends":false,"padding":"0,0","margin":"80,0","show_background_image":false,"background_style":"none","background_size":"auto","enable_overlay":false,"background_color":"","overlay_transparency":"0.5","section_heading":"Follow Us @yourinstagram","section_sub_heading":"","section_description":"","section_button_text":"","section_button_link":"","section_heading_color":"#161f65","section_sub_heading_color":"","section_description_color":"","section_button_bg_color":"","section_button_text_color":"","section_button_hover_bg_color":"","section_button_hover_text_color":"","heading_position":"text-center","animation_effect_section":"slideInUp","grid":"5","column_gap":"0","image_list_text":"","image_list_link":"","enable_overlay_content":true,"item_height":340,"item_height_laptop":340,"item_height_tab":300,"item_height_mobile":290,"image_link_bg_color":"","image_link_text_color":"","image_link_hover_bg_color":"","image_link_hover_text_color":"","image_overlay_icon_color":"#ffffff","image_overlay_color":"","icon_size":"40","enable_slider":true,"remove_button_space":false,"enable_auto_height":true,"items_per_view":4,"items_laptop_view":3,"items_tablet_view":2,"items_mobile_view":2,"enable_center_mode":true,"slider_autoplay":7,"dots":false,"carousel_pagination_alignment":"center_pagination","arrows":false,"nav_arrow_position":"navigation-bottom-center","center_nav_arrow_alignment":"outside_container","navigation_button_color":"","navigation_button_icon_color":"","navigation_button_hover_color":"","navigation_button_hover_icon_color":"","navigation_dot_color":"","navigation_dot_active_color":"","custom_class_name":""}},"b56f88c6-d07b-402d-a006-d0a7b7813a63":{"type":"home-grid-banner","disabled":true,"blocks":{"template--16142323941507__b56f88c6-d07b-402d-a006-d0a7b7813a63-16651280458270da5a-0":{"type":"content","settings":{"grid_banner_type":"image","block_image":"shopify:\/\/shop_images\/grid-overlay-big.jpg","image_position":"center","enable_image_link":true,"block_video":"https:\/\/www.w3schools.com\/tags\/mov_bbb.mp4","video_icon_color":"","video_icon_position":"icon-top-right","content_with_icon":false,"video_icon_outer_size":"60px","video_icon_size":"40px","show_image":true,"show_content":false,"block_title":"Title","enable_title_link":false,"block_sub_title":"Sub title","block_description":"Short description","block_button_text":"","block_button_link":"shopify:\/\/collections","block_text_align":"text-center","content_position":"center","animation_effect_block":"none","reverse_column":false,"block_banner_bg":"","block_content_box_bg":"","block_heading_color":"","block_sub_heading_color":"","bgcolor":"","block_description_color":"","block_button_bg_color":"","block_button_text_color":"","block_button_hover_bg_color":"","block_button_hover_text_color":"","overlay_style":"use_overlay","overlay_color":"rgba(0,0,0,0)","overlay_opacity":"0.5","rotation_degree":"180"}}},"block_order":["template--16142323941507__b56f88c6-d07b-402d-a006-d0a7b7813a63-16651280458270da5a-0"],"settings":{"full":true,"spacing_both_ends":false,"padding":"0,0","margin":"80,0","show_background_image":false,"background_style":"none","background_size":"auto","enable_overlay":false,"background_color":"","overlay_transparency":"0.5","section_heading":"","section_sub_heading":"","section_description":"","section_button_text":"","section_button_link":"","section_heading_color":"","section_sub_heading_color":"","section_description_color":"","section_button_bg_color":"","section_button_text_color":"","section_button_hover_bg_color":"","section_button_hover_text_color":"","heading_position":"text-center","block_banner_style":"overlay","column_gap":"30","grid":"1","border_radius":"0","enable_box_shadow":false,"equal_height":false,"animation_effect_section":"slideInUp","animation_effect":false,"content_width":"50\/50","lap_content_width":"40\/60","overlay_style_height":620,"overlay_style_height_laptop":550,"overlay_style_height_mobile":360,"custom_class_name":""}}},"order":["16484715585d0b75d2","1664862772a72fa3cb","2909dd68-b2ca-4493-9f2b-9b8710f265b9","16648745048dd8b873","16609893105f97374f","22c71694-4dd5-46a8-b1b6-bffa4bad9b0a","16648799886c5b4e9a","91883abf-e33f-4869-9850-aecf892fda1e","1123abd1-422e-42f8-9efe-617622199c76","6d5f3621-0311-402c-aa1f-348725695aa4","1661151078327c1836","1661930727674bff81","1661152757a9feb77f","b56f88c6-d07b-402d-a006-d0a7b7813a63"]}