{"sections":{"main":{"type":"main-list-collection","settings":{"full":false,"spacing_both_ends":false,"padding":"0,0","margin":"0,0","use_custom_list_collection":false,"list-collections":"","collection_btn_text":"Shop Now","show_item_count":true,"show_excerpt":true,"show_superscript_style":true,"grid":"4","style":"grid","overlay_color":"","overlay_opacity":"0.5","rotation_degree":"180","overlay_style_height":600,"overlay_style_height_laptop":400,"overlay_style_height_mobile":450,"list":"1"}}},"order":["main"]}