{"sections":{"main":{"type":"faq-template-2","blocks":{"0de73c27-52cb-40f4-aa52-f26e13ae59e4":{"type":"text","settings":{"question":"WHAT SHIPPING METHODS ARE AVAILABLE?","description":"Zerem ipsum dolor sit amet conse ctetur adipisicing elit, sed do eiusmod tempor incididunt ut labore et dolore magna aliqua. Ut enim ad minim veniam, quis nostrud exercitation ullamco laboris nisi ut aliquip ex ea commodo consequat. Duis aute irure dolor in reprehenderit in voluptate velit esse cillum dolore eu fugiat."}},"fa2dbe8e-ab31-4520-9ae4-46bb9a8f13a6":{"type":"text","settings":{"question":"DO YOU SHIP INTERNATIONALLY?","description":"Karem ipsum dolor sit amet conse ctetur adipisicing elit, sed do eiusmod tempor incididunt ut labore et dolore magna aliqua. Ut enim ad minim veniam, quis nostrud exercitation ullamco laboris nisi ut aliquip ex ea commodo consequat. Duis aute irure dolor in reprehenderit in voluptate velit esse cillum dolore eu fugiat."}},"a921891c-14b7-4bad-bd7b-f0a2796dbcf1":{"type":"text","settings":{"question":"HOW LONG WILL IT TAKE TO GET MY PACKAGE?","description":"Suis aute irure dolor in reprehenderit in voluptate velit esse cillum dolore eu fugiat. Lorem ipsum dolor sit amet conse ctetur adipisicing elit, sed do eiusmod tempor incididunt ut labore et dolore magna aliqua. Ut enim ad minim veniam, quis nostrud exercitation ullamco laboris nisi ut aliquip ex ea commodo consequat."}},"fbed8b21-9214-4074-84dc-3617b46067e5":{"type":"text","settings":{"question":"HOW TO GET MY AMOUNT REFUND?","description":"Duis aute irure dolor in reprehenderit in voluptate velit esse cillum dolore eu fugiat. Lorem ipsum dolor sit amet conse ctetur adipisicing elit, sed do eiusmod tempor incididunt ut labore et dolore magna aliqua. Ut enim ad minim veniam, quis nostrud exercitation ullamco laboris nisi ut aliquip ex ea commodo consequat."}},"57cad67d-00fa-4278-85a4-66fad7160f76":{"type":"text","settings":{"question":"HOW TO TRACE MY MISSING PACKAGE?","description":"Ut enim ad minim veniam, quis nostrud exercitation ullamco laboris nisi ut aliquip ex ea commodo consequat. Duis aute irure dolor in reprehenderit in voluptate velit esse cillum dolore eu fugiat. Lorem ipsum dolor sit amet conse ctetur adipisicing elit, sed do eiusmod tempor incididunt ut labore et dolore magna aliqua."}},"cc375398-ceb6-4460-9fda-8719bad7ee5b":{"type":"text","settings":{"question":"IS BUYING ON-LINE SAFE?","description":"Curem ipsum dolor sit amet conse ctetur adipisicing elit, sed do eiusmod tempor incididunt ut labore et dolore magna aliqua. Ut enim ad minim veniam, quis nostrud exercitation ullamco laboris nisi ut aliquip ex ea commodo consequat. Duis aute irure dolor in reprehenderit in voluptate velit esse cillum dolore eu fugiat."}}},"block_order":["0de73c27-52cb-40f4-aa52-f26e13ae59e4","fa2dbe8e-ab31-4520-9ae4-46bb9a8f13a6","a921891c-14b7-4bad-bd7b-f0a2796dbcf1","fbed8b21-9214-4074-84dc-3617b46067e5","57cad67d-00fa-4278-85a4-66fad7160f76","cc375398-ceb6-4460-9fda-8719bad7ee5b"],"settings":{"full":false,"spacing_both_ends":false,"padding":"100,100","margin":"-40,0","show_background_image":false,"background_style":"none","background_size":"auto","enable_overlay":true,"background_color":"","overlay_transparency":"0.5","section_heading":"ANSWERS TO YOUR QUESTIONS","section_sub_heading":"We are here to help","section_description":"","section_button_text":"","section_button_link":"","section_heading_color":"","section_sub_heading_color":"","section_description_color":"","section_button_bg_color":"","section_button_text_color":"","section_button_hover_bg_color":"","section_button_hover_text_color":"","animation_effect_section":"none","heading_position":"text-center","grid":"3"}},"16474946708ed8a71e":{"type":"faq-template-2","blocks":{"947488aa-75a5-4f7d-92b5-5211071fe538":{"type":"text","settings":{"question":"WHAT PAYMENT METHODS ARE ACCEPTED?","description":"Xurem ipsum dolor sit amet conse ctetur adipisicing elit, sed do eiusmod tempor incididunt ut labore et dolore magna aliqua. Ut enim ad minim veniam, quis nostrud exercitation ullamco laboris nisi ut aliquip ex ea commodo consequat. Duis aute irure dolor in reprehenderit in voluptate velit esse cillum dolore eu fugiat."}},"633aadcb-7360-46e8-becf-48f3a5635aab":{"type":"text","settings":{"question":"HOW DO I TRACK MY ORDER?","description":"Mit enim ad minim veniam, quis nostrud exercitation ullamco laboris nisi ut aliquip ex ea commodo consequat. Lorem ipsum dolor sit amet conse ctetur adipisicing elit, sed do eiusmod tempor incididunt ut labore et dolore magna aliqua. Ut enim ad minim veniam, quis nostrud exercitation ullamco laboris nisi ut aliquip. Conse ctetur adipisicing elit, sed do eiusmod tempor incididunt ut labore et dolore magna aliqua."}}},"block_order":["947488aa-75a5-4f7d-92b5-5211071fe538","633aadcb-7360-46e8-becf-48f3a5635aab"],"settings":{"full":false,"spacing_both_ends":false,"padding":"100,0","margin":"0,0","show_background_image":false,"background_style":"none","background_size":"auto","enable_overlay":false,"background_color":"","overlay_transparency":"0.5","section_heading":"Payment Information","section_sub_heading":"","section_description":"","section_button_text":"","section_button_link":"","section_heading_color":"","section_sub_heading_color":"","section_description_color":"","section_button_bg_color":"","section_button_text_color":"","section_button_hover_bg_color":"","section_button_hover_text_color":"","animation_effect_section":"none","heading_position":"text-center","grid":"2"}}},"order":["main","16474946708ed8a71e"]}