{"sections":{"main":{"type":"about-us","disabled":true,"settings":{}},"1658464705f7f5a150":{"type":"home-html-text","disabled":true,"settings":{"full":false,"spacing_both_ends":false,"padding":"0,0","margin":"0,0","show_background_image":false,"background_style":"none","background_size":"auto","enable_overlay":false,"background_color":"","overlay_transparency":"0.5","section_heading":"Main Heading","section_sub_heading":"Sub Heading","section_description":"Use this text to share the information which you like!.","section_button_text":"","section_button_link":"","section_heading_color":"","section_sub_heading_color":"","section_description_color":"","section_button_bg_color":"","section_button_text_color":"","section_button_hover_bg_color":"","section_button_hover_text_color":"","heading_position":"text-center","html":"<!--<div id='insta-feed'><\/div>-->","animation_effect_section":"none","custom_class_name":""}},"1658464796133d511d":{"type":"home-grid-banner","blocks":{"1658464796b132151b-1":{"type":"content","settings":{"grid_banner_type":"image","block_image":"shopify:\/\/shop_images\/image-1.jpg","image_position":"right","enable_image_link":false,"block_video":"https:\/\/www.w3schools.com\/tags\/mov_bbb.mp4","video_icon_color":"","video_icon_position":"icon-top-right","content_with_icon":false,"video_icon_outer_size":"60px","video_icon_size":"40px","show_image":true,"show_content":true,"block_title":"Best Products For All Age Kids","enable_title_link":false,"block_sub_title":"For Our Little Hero's","block_description":"Sapien nec sagittis aliquam malesuada bibendum. Vitae et leo duis ut diam quam nulla. Felis eget velit aliquet sagittis id consectetur purus ut. Ut eu sem integer vitae. Pellentesque elit eget gravida cum sociis. Tempus quam pellentesque nec nam aliquam sem et tortor consequat.","block_button_text":"Shop Now","block_button_link":"shopify:\/\/collections\/baby-gear","block_text_align":"text-center","content_position":"center","animation_effect_block":"none","reverse_column":false,"block_banner_bg":"rgba(0,0,0,0)","block_content_box_bg":"rgba(0,0,0,0)","block_heading_color":"","block_sub_heading_color":"#cf4666","bgcolor":"","block_description_color":"","block_button_bg_color":"#161f65","block_button_text_color":"#ffffff","block_button_hover_bg_color":"#f3d4ca","block_button_hover_text_color":"#161f65","overlay_style":"use_overlay","overlay_color":"rgba(0,0,0,0)","overlay_opacity":"0.5","rotation_degree":"180"}}},"block_order":["1658464796b132151b-1"],"settings":{"full":false,"spacing_both_ends":false,"padding":"0,0","margin":"80,0","show_background_image":false,"background_style":"none","background_size":"auto","enable_overlay":false,"background_color":"","overlay_transparency":"0.5","section_heading":"","section_sub_heading":"","section_description":"","section_button_text":"","section_button_link":"","section_heading_color":"","section_sub_heading_color":"","section_description_color":"","section_button_bg_color":"","section_button_text_color":"","section_button_hover_bg_color":"","section_button_hover_text_color":"","heading_position":"text-center","block_banner_style":"list","column_gap":"30","grid":"2","border_radius":"0","enable_box_shadow":false,"equal_height":false,"animation_effect_section":"none","animation_effect":false,"content_width":"50\/50","lap_content_width":"40\/60","overlay_style_height":600,"overlay_style_height_laptop":500,"overlay_style_height_mobile":400,"custom_class_name":""}},"17cef6ac-676e-4310-b982-c1e37bd5b845":{"type":"home-support-block","blocks":{"template--16142324007043__17cef6ac-676e-4310-b982-c1e37bd5b845-1665398012e881411d-0":{"type":"icon","settings":{"icon":"shopify:\/\/shop_images\/icon-1.png","title":"Toddlers","desc":"Uristique nulla aliquet enim tortor at. Volutpat sed cras ornare arcu dui vivamus arcu felis bibendum.","link_text":"","link":"","block_image_bg":"#f3d4ca","block_image_border_color":"rgba(0,0,0,0)","animation_effect_block":"fadeInLeft"}},"template--16142324007043__17cef6ac-676e-4310-b982-c1e37bd5b845-1665398012e881411d-1":{"type":"icon","settings":{"icon":"shopify:\/\/shop_images\/icon-2.png","title":"Summer Clothes","desc":"Lobortis scelerisque fermentum dui faucibus. Amet mauris commodo quis imperdiet massa tincidunt.","link_text":"View More","link":"","block_image_bg":"#f3d4ca","block_image_border_color":"rgba(0,0,0,0)","animation_effect_block":"fadeInDown"}},"template--16142324007043__17cef6ac-676e-4310-b982-c1e37bd5b845-1665398012e881411d-2":{"type":"icon","settings":{"icon":"shopify:\/\/shop_images\/icon-3.png","title":"Soft Toys","desc":"Bibendum ut tristique et egestas quis. A iaculis at erat pellentesque adipiscing commodo elit at imperdiet.","link_text":"View More","link":"","block_image_bg":"#f3d4ca","block_image_border_color":"rgba(0,0,0,0)","animation_effect_block":"fadeInRight"}},"template--16142324007043__17cef6ac-676e-4310-b982-c1e37bd5b845-1665398012e881411d-3":{"type":"icon","settings":{"icon":"shopify:\/\/shop_images\/icon-4.png","title":"Trending Toys","desc":"Scelerisque eu ultrices vitae auctor eu augue. Suspendisse interdum consectetur libero id faucibus nisl.","link_text":"View More","link":"","block_image_bg":"#f3d4ca","block_image_border_color":"rgba(0,0,0,0)","animation_effect_block":"fadeInLeft"}},"template--16142324007043__17cef6ac-676e-4310-b982-c1e37bd5b845-1665398012e881411d-4":{"type":"icon","settings":{"icon":"shopify:\/\/shop_images\/icon-5.png","title":"Winter Dress","desc":"Quis auctor elit sed vulputate mi sit. Pellentesque elit eget gravida cum sociis nam aliquam sem et tortor.","link_text":"View More","link":"","block_image_bg":"#f3d4ca","block_image_border_color":"rgba(0,0,0,0)","animation_effect_block":"fadeInUp"}},"template--16142324007043__17cef6ac-676e-4310-b982-c1e37bd5b845-1665398012e881411d-5":{"type":"icon","settings":{"icon":"shopify:\/\/shop_images\/icon-6.png","title":"Eductional Toys","desc":"Egestas quis ipsum suspendisse ultrices gravida dictum fusce ut. Justo eget magna fermentum iaculis eu.","link_text":"View More","link":"","block_image_bg":"#f3d4ca","block_image_border_color":"rgba(0,0,0,0)","animation_effect_block":"fadeInRight"}}},"block_order":["template--16142324007043__17cef6ac-676e-4310-b982-c1e37bd5b845-1665398012e881411d-0","template--16142324007043__17cef6ac-676e-4310-b982-c1e37bd5b845-1665398012e881411d-1","template--16142324007043__17cef6ac-676e-4310-b982-c1e37bd5b845-1665398012e881411d-2","template--16142324007043__17cef6ac-676e-4310-b982-c1e37bd5b845-1665398012e881411d-3","template--16142324007043__17cef6ac-676e-4310-b982-c1e37bd5b845-1665398012e881411d-4","template--16142324007043__17cef6ac-676e-4310-b982-c1e37bd5b845-1665398012e881411d-5"],"settings":{"full":false,"spacing_both_ends":false,"padding":"0,0","margin":"80,0","show_background_image":false,"background_style":"none","background_size":"auto","enable_overlay":false,"background_color":"","overlay_transparency":"0.5","section_heading":"Adorable Products","section_sub_heading":"","section_description":"","section_button_text":"","section_button_link":"","section_heading_color":"","section_sub_heading_color":"","section_description_color":"","section_button_bg_color":"","section_button_text_color":"","section_button_hover_bg_color":"","section_button_hover_text_color":"","heading_position":"text-center","animation_effect_section":"fadeInDown","animation_effect":true,"text_position":"text-center","block_style":"style-3","grid":"3","enable_grid_style":true,"vertical_position":"position-default","reverse_column":false,"border_radius":"0px","icon_border_radius":"50%","enable_box_shadow":true,"block_icon_outer_size":"100px","block_icon_size":"50px","block_border_color":"#f3d4ca","block_bg":"","block_heading_color":"#161f65","block_description_color":"","block_button_bg_color":"","block_button_text_color":"","block_button_hover_bg_color":"","block_button_hover_text_color":"","rotate-bg-animation":false,"custom_class_name":"dt-sc-support-style2"}},"a42c2275-0911-417a-a714-172f18532d0d":{"type":"home-grid-banner","blocks":{"template--16142324007043__a42c2275-0911-417a-a714-172f18532d0d-16654653997da6b4af-0":{"type":"content","settings":{"grid_banner_type":"image","block_image":"shopify:\/\/shop_images\/image-2.jpg","image_position":"center","enable_image_link":false,"block_video":"https:\/\/www.w3schools.com\/tags\/mov_bbb.mp4","video_icon_color":"","video_icon_position":"icon-top-right","content_with_icon":false,"video_icon_outer_size":"60px","video_icon_size":"40px","show_image":true,"show_content":true,"block_title":"The Finest & Gentle Products For Your Kids","enable_title_link":false,"block_sub_title":"","block_description":"Purus gravida quis blandit turpis cursus in hac. Arcu dictum varius duis at consectetur lorem. Interdum velit euismod in pellentesque massa placerat. Ultricies tristique nulla aliquet enim tortor at. ","block_button_text":"Shop Now","block_button_link":"shopify:\/\/collections\/baby-clothing","block_text_align":"text-center","content_position":"top-center","animation_effect_block":"none","reverse_column":false,"block_banner_bg":"rgba(0,0,0,0)","block_content_box_bg":"#dbd7cc","block_heading_color":"#161f65","block_sub_heading_color":"","bgcolor":"","block_description_color":"","block_button_bg_color":"#f97191","block_button_text_color":"#f3d4ca","block_button_hover_bg_color":"#161f65","block_button_hover_text_color":"#ffffff","overlay_style":"use_overlay","overlay_color":"","overlay_opacity":"0.5","rotation_degree":"180"}}},"block_order":["template--16142324007043__a42c2275-0911-417a-a714-172f18532d0d-16654653997da6b4af-0"],"settings":{"full":true,"spacing_both_ends":false,"padding":"0,0","margin":"80,0","show_background_image":false,"background_style":"none","background_size":"auto","enable_overlay":false,"background_color":"","overlay_transparency":"0.5","section_heading":"","section_sub_heading":"","section_description":"","section_button_text":"","section_button_link":"","section_heading_color":"","section_sub_heading_color":"","section_description_color":"","section_button_bg_color":"","section_button_text_color":"","section_button_hover_bg_color":"","section_button_hover_text_color":"","heading_position":"text-center","block_banner_style":"overlay","column_gap":"30","grid":"1","border_radius":"0","enable_box_shadow":false,"equal_height":false,"animation_effect_section":"none","animation_effect":false,"content_width":"50\/50","lap_content_width":"40\/60","overlay_style_height":600,"overlay_style_height_laptop":500,"overlay_style_height_mobile":400,"custom_class_name":""}},"a5ec4d72-f4b5-43e4-b9ca-8e69cf6b886f":{"type":"faq-template-1","blocks":{"template--16142324007043__a5ec4d72-f4b5-43e4-b9ca-8e69cf6b886f-16654043703e9dfa94-0":{"type":"icon","settings":{"icon":"shopify:\/\/shop_images\/icon2-1.png","title":"How do I check the status of my order?","desc":"At tellus at urna condimentum mattis pellentesque. Sed libero enim sed faucibus turpis. Dignissim suspendisse in est ante in. Magnis dis parturient montes nascetur ridiculus mus mauris vitae ultricies."}},"template--16142324007043__a5ec4d72-f4b5-43e4-b9ca-8e69cf6b886f-16654043703e9dfa94-2":{"type":"icon","settings":{"icon":"shopify:\/\/shop_images\/icon2-2.png","title":"What is the shipping charges?","desc":"Morbi leo urna molestie at elementum. Mattis vulputate enim nulla aliquet. Enim blandit volutpat maecenas volutpat blandit aliquam etiam. Morbi tristique senectus et netus et. "}},"template--16142324007043__a5ec4d72-f4b5-43e4-b9ca-8e69cf6b886f-16654043703e9dfa94-4":{"type":"icon","settings":{"icon":"shopify:\/\/shop_images\/icon2-3.png","title":"Is online buying safe?","desc":"Duis at consectetur lorem donec massa sapien faucibus et. Rhoncus dolor purus non enim praesent. Quis risus sed vulputate odio ut enim blandit volutpat. Sed arcu non odio euismod lacinia. "}},"23ed9b64-dfd1-4418-9c7a-aa3928fd16e9":{"type":"icon","settings":{"icon":"shopify:\/\/shop_images\/icon2-4.png","title":"Can I cancel my order?","desc":"Quam id leo in vitae turpis massa sed elementum tempus. Bibendum arcu vitae elementum curabitur vitae nunc sed. Ullamcorper morbi tincidunt ornare massa. In ornare quam viverra orci sagittis."}},"3011623a-8ff9-4268-81e1-91aaee5f7ca5":{"type":"icon","settings":{"icon":"shopify:\/\/shop_images\/icon2-5.png","title":"What payment methods are accepted?","desc":"Leo vel orci porta non pulvinar neque laoreet. Dictum non consectetur a erat. Pretium vulputate sapien nec sagittis aliquam malesuada bibendum arcu. Nunc lobortis mattis aliquam faucibus purus."}}},"block_order":["template--16142324007043__a5ec4d72-f4b5-43e4-b9ca-8e69cf6b886f-16654043703e9dfa94-0","template--16142324007043__a5ec4d72-f4b5-43e4-b9ca-8e69cf6b886f-16654043703e9dfa94-2","template--16142324007043__a5ec4d72-f4b5-43e4-b9ca-8e69cf6b886f-16654043703e9dfa94-4","23ed9b64-dfd1-4418-9c7a-aa3928fd16e9","3011623a-8ff9-4268-81e1-91aaee5f7ca5"],"settings":{"full":false,"spacing_both_ends":false,"padding":"0,0","margin":"80,0","show_background_image":false,"background_style":"none","background_size":"auto","enable_overlay":false,"background_color":"#f5f5f5","overlay_transparency":"0.5","section_heading":"FAQ's","section_sub_heading":"","section_description":"","section_button_text":"","section_button_link":"","section_heading_color":"","section_sub_heading_color":"","section_description_color":"","section_button_bg_color":"","section_button_text_color":"","section_button_hover_bg_color":"","section_button_hover_text_color":"","heading_position":"text-start","animation_effect_section":"zoomIn","block_style":"default-style","text_position":"text-start","border_radius":"0","grid_gap":"30","enable_box_shadow":false,"enable_heading_icons":true,"faq_icon_size":"50","enable_segmented_layout":false,"segmented_layout_gap":"15","faq_border_color":"#ffffff","faq_heading_color":"","faq_heading_bg_color":"#fdf1ed","faq_content_color":"#161f65","faq_content_bg_color":"#ffffff","faq_image":"shopify:\/\/shop_images\/image-3.jpg","custom_class_name":"about-faq"}},"1658464721d8b78a50":{"type":"inner-page-team-section","blocks":{"5b52d684-744a-4e47-8238-e371e4e10f5c":{"type":"content","settings":{"image":"shopify:\/\/shop_images\/team-1.jpg","name":"Lisha","desc":"","designation":"Customer Support","facebook":"#","twitter":"#","pinterest":"#","youtube":"#","animation_effect_block":"zoomInLeft"}},"1382de73-82b9-438e-9ca1-c761c29936b7":{"type":"content","settings":{"image":"shopify:\/\/shop_images\/team-2.jpg","name":"Alen","desc":"","designation":"Manager","facebook":"#","twitter":"#","pinterest":"#","youtube":"#","animation_effect_block":"zoomIn"}},"6d9d6465-b004-4cab-90b0-a0cd026e68f6":{"type":"content","settings":{"image":"shopify:\/\/shop_images\/team-3.jpg","name":"Jenifer","desc":"","designation":"CEO","facebook":"#","twitter":"#","pinterest":"#","youtube":"#","animation_effect_block":"zoomInRight"}}},"block_order":["5b52d684-744a-4e47-8238-e371e4e10f5c","1382de73-82b9-438e-9ca1-c761c29936b7","6d9d6465-b004-4cab-90b0-a0cd026e68f6"],"settings":{"enable":true,"full":false,"spacing_both_ends":false,"padding":"0,0","margin":"80,0","show_background_image":false,"background_style":"default","enable_overlay":false,"background_color":"","overlay_transparency":"0.5","section_heading":"Our Best Team","section_sub_heading":"","section_description":"","section_button_text":"","section_button_link":"","section_heading_color":"","section_sub_heading_color":"","section_description_color":"","section_button_bg_color":"","section_button_text_color":"","section_button_hover_bg_color":"","section_button_hover_text_color":"","heading_position":"text-center","animation_effect_section":"fadeInDown","animation_effect":true,"column":"three-column","block_heading_color":"#161f65","block_Description_color":"","block_designation_color":"#f97191","block_bg":"#f3d4ca","block_social_icon_bg_color":"#161f65","block_social_icon_color":"#ffffff","block_social_icon_hover_bg_color":"#cf4666","block_social_icon_hover_color":"#ffffff"}}},"order":["main","1658464705f7f5a150","1658464796133d511d","17cef6ac-676e-4310-b982-c1e37bd5b845","a42c2275-0911-417a-a714-172f18532d0d","a5ec4d72-f4b5-43e4-b9ca-8e69cf6b886f","1658464721d8b78a50"]}