{"sections":{"main":{"type":"contact","settings":{"full":false,"spacing_both_ends":true,"padding":"0,0","margin":"0,0","show_background_image":false,"background_style":"none","background_size":"cover","enable_overlay":false,"background_color":"#ba8d69","overlay_transparency":"0.3","section_heading":"","section_sub_heading":"","section_description":"","section_button_text":"","section_button_link":"","section_heading_color":"","section_sub_heading_color":"","section_description_color":"","section_button_bg_color":"","section_button_text_color":"","section_button_hover_bg_color":"","section_button_hover_text_color":"","heading_position":"text-center","contact_layout":"left_map_iconblock_inline","animation_effect_section":"none","animation_effect":false,"enable_gmap":true,"contact_iframe_code":"<iframe src=\"https:\/\/www.google.com\/maps\/embed?pb=!1m14!1m8!1m3!1d31327.056950652583!2d77.044357!3d11.047464!3m2!1i1024!2i768!4f13.1!3m3!1m2!1s0x0%3A0x181af0c54e886b2e!2siamdesigning!5e0!3m2!1sen!2sus!4v1648109956644!5m2!1sen!2sus\" width=\"100%\" height=\"100%\" style=\"border:0;\" allowfullscreen=\"\" loading=\"lazy\" referrerpolicy=\"no-referrer-when-downgrade\"><\/iframe>","animation_effect_map_section":"none","enable_contact_info":true,"contactborder_color":"rgba(0,0,0,0)","contactbg_color":"#fdf1ed","contact_hvrborder_color":"rgba(0,0,0,0)","icontactheading_color":"#1a1a1a","contacticon_bg_color":"#cf4666","contacticon_color":"#ffffff","contacticon_hoverbg_color":"#161f65","contacticonhover_color":"#ffffff","contact_phone":true,"contact_module_contact_phonetitle":"Phone","contact_icon_1":"fa fa-phone","contact_phone1":"0000 - 123 - 456789","contact_phone2":"0000 - 123 - 456789","contact_module_email":true,"contact_module_contact_title":"Email","contact_icon_2":"fa fa-envelope","contact_module_email1":"mail@example.com","contact_module_email2":"support@example.com","contact_module_address":true,"contact_module_address_title":"Address","contact_icon_3":"fa fa-location-arrow","contact_module_address1":"No: 58 A, East Madison Street,","contact_module_address2":"Baltimore, MD, USA 1234","animation_effect_iconblock_section":"none","enable_contact_form":true,"contact_form_title":"Enquiry Form","animation_effect_form_section":"none"}}},"order":["main"]}