{"sections":{"main":{"type":"faq-template-1","blocks":{"7c4d2a7c-1f3c-4410-935c-e1361a72ccb7":{"type":"icon","settings":{"icon":"shopify:\/\/shop_images\/play_0cd13e8e-c5ea-41eb-957d-a813adc4d860.png","title":"Heading","desc":"Lorem ipsum dolor sit amet, consectetur adipiscing elit. Suspendisse vel metus metus. Duis justo enim, gravida malesuada ex at, blandit vehicula mauris. Ut non euismod lorem, et varius magna. Vestibulum tempus nisl eget purus rhoncus tempus."}},"381095d8-3e90-42f5-950e-58fed7ef3103":{"type":"icon","settings":{"icon":"shopify:\/\/shop_images\/icon-13_9be8e639-670a-4e20-ac5e-e0c50b66ea96_300x300_1.png","title":"Heading","desc":"Lorem ipsum dolor sit amet, consectetur adipiscing elit. Suspendisse vel metus metus. Duis justo enim, gravida malesuada ex at, blandit vehicula mauris. Ut non euismod lorem, et varius magna. Vestibulum tempus nisl eget purus rhoncus tempus."}},"4397e945-ff9f-4c2f-a85e-2c321758bcf2":{"type":"class","settings":{"class":"fa fa-home","title":"Heading","desc":"Lorem ipsum dolor sit amet, consectetur adipiscing elit. Suspendisse vel metus metus. Duis justo enim, gravida malesuada ex at, blandit vehicula mauris. Ut non euismod lorem, et varius magna. Vestibulum tempus nisl eget purus rhoncus tempus."}},"273bf5e5-e2b6-48dc-9059-b92ffd4cc4c5":{"type":"class","settings":{"class":"fa fa-link","title":"Heading","desc":"Lorem ipsum dolor sit amet, consectetur adipiscing elit. Suspendisse vel metus metus. Duis justo enim, gravida malesuada ex at, blandit vehicula mauris. Ut non euismod lorem, et varius magna. Vestibulum tempus nisl eget purus rhoncus tempus."}}},"block_order":["7c4d2a7c-1f3c-4410-935c-e1361a72ccb7","381095d8-3e90-42f5-950e-58fed7ef3103","4397e945-ff9f-4c2f-a85e-2c321758bcf2","273bf5e5-e2b6-48dc-9059-b92ffd4cc4c5"],"settings":{"full":false,"spacing_both_ends":false,"padding":"0,0","margin":"0,0","show_background_image":false,"background_style":"none","background_size":"auto","enable_overlay":false,"background_color":"","overlay_transparency":"0.5","section_heading":"","section_sub_heading":"","section_description":"","section_button_text":"","section_button_link":"","section_heading_color":"","section_sub_heading_color":"","section_description_color":"","section_button_bg_color":"","section_button_text_color":"","section_button_hover_bg_color":"","section_button_hover_text_color":"","heading_position":"text-center","block_style":"style-4","text_position":"text-start","border_radius":"0","grid_gap":"30","enable_box_shadow":true,"enable_heading_icons":false,"faq_icon_size":"30","enable_segmented_layout":true,"segmented_layout_gap":"15","faq_border_color":"#9f6000","faq_heading_color":"#7d583b","faq_heading_bg_color":"#fff3ed","faq_content_color":"#7d583b","faq_content_bg_color":"#fff9f6","faq_image":"shopify:\/\/shop_images\/confident-young-woman.jpg","custom_class_name":""}}},"order":["main"]}