{"sections":{"main":{"type":"main-product-template","blocks":{"bd5fe641-75f6-4c13-999c-d0be32e3bc87":{"type":"title","settings":{}},"7c9c1efb-83bb-46b0-abe9-7c4951265cf4":{"type":"price","settings":{}},"4a38e439-8add-4dc1-8442-2d9c51942b70":{"type":"sale_offer","disabled":true,"settings":{}},"db797c60-1d3c-4034-b55d-151ec5cae2d7":{"type":"deal","settings":{}},"19be33f4-40db-451a-b5c2-40daa748ac9a":{"type":"fbt","settings":{}},"22c4f5eb-0a61-4ed2-865c-ec6f809e783c":{"type":"notify-form","disabled":true,"settings":{}},"d4f37967-aa1e-436f-87e8-604c7a2c2fad":{"type":"sub_total","settings":{}},"c679b78a-6420-44ed-99f7-af3a7b8121af":{"type":"Html","settings":{"html":"<p><i class=\"fa fa-truck\"><\/i> Estimated deliver 5-7 days<\/p>"}},"cad3ad3e-6913-4865-a804-9c9d16146aca":{"type":"social-sharing","settings":{}},"c0548d06-402e-4234-9a58-03c52a7d6c74":{"type":"type","settings":{}},"f26a6ae3-78b7-4d9f-885e-fcbc49deba02":{"type":"menu","settings":{"title":"Category","linklist":"category"}},"2ff9f47d-7f11-4be0-b8ec-143624b3ca83":{"type":"collection","settings":{"title":"","collection":"swatches-size-color","limit":3}},"14952b1f-8a11-46fc-93bc-26529aab775e":{"type":"carousel","settings":{"title":"Best Sellings","collection":"nursing","limit":5}},"f9c96d80-5ab7-4354-839a-07c60d24aabc":{"type":"badge","settings":{"image":"shopify:\/\/shop_images\/securepayment.png","badge_label":"100% Secured Payment"}},"cac30ba8-f2f0-4e7b-8fc2-60c59ab81dcd":{"type":"icon_text","settings":{"text1":"100% CHILD - SAFE","icon1":"shopify:\/\/shop_images\/s1.png","html1":"","link1":"","text1_color":"#2bc2e5","html1_color":"#000000","text2":"ECO-FRIENDLY","icon2":"shopify:\/\/shop_images\/Shape_3.png","html2":"","link2":"","text2_color":"#85c51b","html2_color":"#000000","text3":"FREE PLAY TOYS","icon3":"shopify:\/\/shop_images\/Shape_1.png","html3":"","link3":"","text3_color":"#f97191","html3_color":"#000000"}}},"block_order":["bd5fe641-75f6-4c13-999c-d0be32e3bc87","7c9c1efb-83bb-46b0-abe9-7c4951265cf4","4a38e439-8add-4dc1-8442-2d9c51942b70","db797c60-1d3c-4034-b55d-151ec5cae2d7","19be33f4-40db-451a-b5c2-40daa748ac9a","22c4f5eb-0a61-4ed2-865c-ec6f809e783c","d4f37967-aa1e-436f-87e8-604c7a2c2fad","c679b78a-6420-44ed-99f7-af3a7b8121af","cad3ad3e-6913-4865-a804-9c9d16146aca","c0548d06-402e-4234-9a58-03c52a7d6c74","f26a6ae3-78b7-4d9f-885e-fcbc49deba02","2ff9f47d-7f11-4be0-b8ec-143624b3ca83","14952b1f-8a11-46fc-93bc-26529aab775e","f9c96d80-5ab7-4354-839a-07c60d24aabc","cac30ba8-f2f0-4e7b-8fc2-60c59ab81dcd"],"settings":{"full":false,"spacing_both_ends":false,"padding":"0,0","margin":"0,0","media_size":"small","gallery_type":"thumbnails_vertical","vertical_style":"dt-sc-product-vertical-thumb-right","enable_zoom":true,"zoom_type":"inner","enable_video_looping":true,"show_sale_tag":false,"meta-lable-style":"one-half","reviews":false,"show_variants_swatches":true,"swatch_as":"color","show_variants_left":true,"show_product_quantity":true,"display_back_in_stock":true,"show_quantity_selector":true,"show_checkout":true,"hide_addtocart":false,"show_wishlist":true,"show_share_buttons":true,"show_product_nav":true,"tab_position":"bottom","tab_style":"tab","product_tab1":true,"product_tab1_heading":"Description","product_tab2":true,"product_tab2_heading":"Shipping Information","page_content":"shipping-information","product_tab3":true,"product_tab3_heading":"Reviews","product_tab4":true,"product_tab4_heading":"","enable_enquiry":false,"enable_sticky_cart":true,"show_adv_product":false,"choose_label":"Related accessories are...","collection":"availability-progress"}},"product-recommendations":{"type":"product-recommendations","settings":{"full":false,"spacing_both_ends":false,"padding":"0,0","margin":"0,0","heading":"Recommended Products","heading_position":"text-center"}},"165760752633dae262":{"type":"home-product-carousel","disabled":true,"settings":{"full":false,"spacing_both_ends":false,"padding":"0,0","margin":"0,0","show_background_image":true,"background_style":"none","background_size":"auto","enable_overlay":false,"background_color":"","overlay_transparency":"0.5","section_heading":"Product Carousel","section_sub_heading":"","section_description":"","section_button_text":"","section_button_link":"","section_heading_color":"","section_sub_heading_color":"","section_description_color":"","section_button_bg_color":"","section_button_text_color":"","section_button_hover_bg_color":"","section_button_hover_text_color":"","heading_position":"text-center","animation_effect_section":"none","animation_effect":false,"grouped_content_bg":"","grouped_column_gap":"30","grouped_content_padding":"0","group_border_radius":"","enable_group_box_shadow":false,"reverse_column":false,"content_width":"30\/70","lap_content_width":"35\/65","additional_block_background_color":"","additional_block_box_shadow":false,"additional_content_padding":"0","additional_block_border_radius":"0","animation_effect_additionalblock":"none","enable_main_content":true,"main_block_background_color":"","animation_effect_mainblock":"none","enable_main_block_box_shadow":false,"main_block_border_radius":"0","main_content_padding":"0","collection":"best-sellers","column_gap":"30","border_radius":"0","enable_list_view":false,"grid":"2","post_limit":2,"enable_slider":true,"items_per_view":4,"items_laptop_view":3,"items_tablet_view":2,"items_mobile_view":1,"enable_center_mode":false,"rows":1,"slider_autoplay":0,"enable_auto_height":false,"dots":false,"carousel_pagination_alignment":"center_pagination","carousel_pagination_bottom_alignment":"outside_element","arrows":true,"nav_arrow_position":"navigation-top-right","center_nav_arrow_alignment":"inside_container","navigation_button_color":"","navigation_button_icon_color":"","navigation_button_hover_color":"","navigation_button_hover_icon_color":"#cf4666","navigation_dot_color":"","navigation_dot_active_color":"","custom_class_name":""}}},"order":["main","product-recommendations","165760752633dae262"]}