{"sections":{"main":{"type":"main-product-template-style-carousel","blocks":{"bd5fe641-75f6-4c13-999c-d0be32e3bc87":{"type":"title","settings":{}},"f14720d8-dc3c-44a3-8bfa-cea5cf644d9d":{"type":"text","settings":{"text":"{{ product.metafields.descriptors.subtitle.value }}"}},"7c9c1efb-83bb-46b0-abe9-7c4951265cf4":{"type":"price","settings":{}},"db797c60-1d3c-4034-b55d-151ec5cae2d7":{"type":"deal","settings":{}},"cb874c94-c1ed-44c9-a5d6-a12bc6093239":{"type":"vendor","settings":{}},"c0548d06-402e-4234-9a58-03c52a7d6c74":{"type":"type","settings":{}},"959fd2b2-81db-41a1-b8a0-21c2e6d9819f":{"type":"share","settings":{}},"bbfce815-50d0-4e64-a209-9f48c950515b":{"type":"menu","settings":{"title":"Custom  Menu","linklist":"left-meni"}},"512c9794-fde8-47c3-ab1b-7d803e957eab":{"type":"carousel","settings":{"title":"Sidebar Product Carousel","collection":"best-sellers","limit":5}},"cbeb29f7-389f-48fb-85e0-efc53a5a0151":{"type":"image","settings":{"title":"Sidebar image","image":"shopify:\/\/shop_images\/confident-young-woman.jpg","link_text":"Shop Now","link":"shopify:\/\/products\/06-product-with-right-sidebar"}}},"block_order":["bd5fe641-75f6-4c13-999c-d0be32e3bc87","f14720d8-dc3c-44a3-8bfa-cea5cf644d9d","7c9c1efb-83bb-46b0-abe9-7c4951265cf4","db797c60-1d3c-4034-b55d-151ec5cae2d7","cb874c94-c1ed-44c9-a5d6-a12bc6093239","c0548d06-402e-4234-9a58-03c52a7d6c74","959fd2b2-81db-41a1-b8a0-21c2e6d9819f","bbfce815-50d0-4e64-a209-9f48c950515b","512c9794-fde8-47c3-ab1b-7d803e957eab","cbeb29f7-389f-48fb-85e0-efc53a5a0151"],"settings":{"full":false,"spacing_both_ends":false,"padding":"0,0","margin":"0,0","enable_zoom":true,"meta-lable-style":"one-half","show_variants_swatches":true,"show_product_quantity":true,"display_back_in_stock":true,"show_quantity_selector":true,"show_checkout":true,"hide_addtocart":false,"show_wishlist":true,"show_share_buttons":true,"tab_style":"tab","product_tab1":true,"product_tab1_heading":"Product Description","product_tab2":true,"product_tab2_heading":"Additional information","page_content":"additional-information","product_tab3":true,"product_tab3_heading":"Reviews","enable_enquiry":true,"enable_sticky_cart":true}},"product-recommendations":{"type":"product-recommendations","settings":{"full":true,"spacing_both_ends":true,"padding":"0,0","margin":"0,0","heading":"Recommended products","heading_position":"text-center"}}},"order":["main","product-recommendations"]}